工作名稱,公司,工作內容,職務類別,工作待遇,工作性質,上班地點,管理責任,出差外派,上班時段,休假制度,可上班日,需求人數,接受身份,工作經歷,學歷要求,科系要求,語文條件,擅長工具,工作技能,其他條件
AI工程師/資料工程師/資料科學家/機器學習工程師,域動行銷股份有限公司,"【工作內容】/【熱血團隊】域動Data Team是由一群對『數據分析』及『AI應用』具有研究及開發熱誠的成員所組成。在這裡你可以接觸到大量即時的使用者行為資料，並將資料科學模型應用於:『網路廣告投放優化』『網路用戶辨識』『消費者行為分析』我們更致力於尋找優化方案，改善產品體驗設計及為商業決策提供數據支持，提升效率和價值。我們鼓勵組員多方嘗試、思考、展現天馬行空的創意，且能清楚闡述想法，付諸實踐。 ٩(⚙ᴗ⚙)۶【環境氛圍】扁平化組織、歡樂上班氛圍，彼此隨時交流分享想法，不受任何侷限ㄟ(￣▽￣ㄟ)。總之，在Data Team不但可以接觸多元專案開發，藉此磨練專業知識的深度及廣度，幫助團隊的同時，也能突破自我，大幅成長。 ୧༼ ヘ ᗜ ヘ ༽୨歡迎您一起加入，成為未來數據應用趨勢的一份子！o(〃'▽'〃)o【Job Description】1. 使用資料科學技術剖析數據，協助產品成效優化及發展方向2. 負責資料收集、資料清理、模型建置等工作事項3. 協助處理網路使用者觀看的文本，進行關鍵字擷取、文本分類等NLP任務4. 廣告推薦系統建置及優化5. 數據視覺化報表產出【Qualifications】1. 熟悉 ML 相關知識2. 熟悉Python程式語言，包含Pandas, Numpy, Sklearn,Tensorflow, Pytorch等模組3. 熟悉Linux 系統操作4. 熟悉資料庫程式語言 SQL【Preferred Qualifications】1. 推薦系統處理專案經驗佳2. 自然語言處理專案經驗佳3. 曾參與ML相關研究、競賽或發表論文經驗佳4. 具有數位廣告相關經驗壓5. 統計學專長6. 具有分散式運算的相關知識，如 Spark、Hadoop、Hive7. 有使用過GCP, AWS 等雲端服務經驗佳","演算法開發工程師,軟體設計工程師,其他資訊專業人員","月薪40,000元以上",全職,台北市松山區,不需負擔管理責任,無需出差外派,日班,週休二日,一個月內,2人【相關條件】/,"上班族,應屆畢業生",不拘,大學以上- 公司產業：廣告行銷公關業,"數學及電算機科學學科類,電機電子工程相關",中文--聽 /精通、說 /精通、讀 /精通、寫 /精通,"Linux,Python,MS SQL","軟體工程系統開發,軟體程式設計,Machine Learning,資料庫程式設計【其他條件】/【公司福利】/- 福利制度：(1) 勞保、勞退、健保，新人教育訓練，週休二日(2) 彈性上下班 (每天1.5hr彈性, 同仁自選8hr) (3) 除一般假期外，另提供年休假、特別假、生日假(4) 國內尾牙旅遊 &amp; 國外員旅 https://www.clickforce.com.tw/edcontent_d.php?lang=tw&amp;tb=4&amp;id=1493 (5) 團康Party、部門聚餐、公司內外產業講座進修課程員工紅利,年終獎金,生日假,結婚禮金,員工進修補助,國內旅遊,國外旅遊,優於勞基法特休更多工作資訊請參考：https://www.104.com.tw/job/6shtp",無
AI Engineer_人工智慧工程師,全曜財經資訊股份有限公司,"【工作內容】/At CMoney, our mission is to assist people in their lifelong investment. To this end,we have already launched several services and apps to help users make decisionson different matters. So far CMoney has had the most popular stock mobile app andstock forum in Taiwan, where each has almost 800k monthly active users. Everydaymore than 100k articles and messages emerge from our apps and forum.Meanwhile, we collaborate with 50+ investment KOLs to help users succeed ininvestment. Currently, CMoney is at the fast-growing stage, and thus we are lookingfor brilliant talents to join our team, especially the ones with integrity, high socialinterest and growing mindset. For more detail of CMoney, please refer to thefollowing link: https://www.cmoney.tw/jobs/ .Our AI team focuses on utilizing natural language processing techniques includingtext classification and automatic summarization to enhance our products and to provide values to our users. Our AI team is also responsible for developing and establishing cross-product recommendation systems so that our products can offerbetter experience for the users. Moreover, our AI team has to design the scheme of lifelong machine learning to sustain our AI-powered services. If you not only love to keep track of the latest trend of AI development and techniques but also are passionate about implementing the relevant AI algorithms by yourself, we welcome you to join us.As such, you will:Design, develop, train, and integrate AI models to our services or productsAnalyze and diagnose the problems and bottlenecks of current AI modelsCollaborate with other product and data teams to propose and provide better solutionsMake CMoney service more intelligent, and make CMoney data more beneficial to the communityLast but not least make our customer success","軟體設計工程師,演算法開發工程師",待遇面議,全職,新北市板橋區,不需負擔管理責任,無需出差外派,日班,週休二日,可年後上班,2~3人【相關條件】/,"上班族,應屆畢業生,研發替代役",不拘,大學以上- 公司產業：電腦軟體服務業,"數學及電算機科學學科類,工程學科類,商業及管理學科類",英文--聽 /中等、說 /中等、讀 /中等、寫 /中等,"C,C++,Java,Python","軟體程式設計,Machine Learning【其他條件】/","1. BS/MS/Ph.D in EE, CS, IM, Statistics, and Applied Math or related field2. Familiar with at least one of the following machine learning frameworks: Weka, Scikit learn, Spark, PyTorch, and Tensorflow3. Ability to collect the data, train models, fine-tune models, and deploy models4. Broad knowledge of deep learning, machine learning, statistics, and optimization5. Experience in training on large-scale (TB) datasets and training on distributed environment is a plus【公司福利】/- 福利制度：《薪酬福利＠CMoney》➡薪資及獎金、節金具競爭力的整體薪酬制度，提供「自提調薪制度」，吸引、激勵並留任優秀人才依當年公司營運狀況及個人績效表現提供具競爭力的薪資、專案獎金及年終獎金。➡基本保障除勞健保、勞退保障，另提供團體保險➡活動及補助活動類：節慶活動、尾牙、慶生會、不定期公司/部門聚餐、電影包場、多元化的社團活動、各式零食保健食品補助類(全職任職滿六個月)：健身房補助、國內外旅遊補助。生活類：美式雙門大冰箱、零食/保健食品、咖啡機。➡學習與成長我們非常重視員工成長，除了提供良好的工作與進修環境(CMoney教育訓練中心)，更享有免費資源學習投資理財、購書補助。➡快樂生活我們認為孩子的成長只有一次，凡撫養未滿10歲子女，每個出勤工作日可提前於17:30下班，讓你有更多時間陪伴家人(全職適用)。另有合作幼兒園/托兒機構優惠。更多關於CMoney▶招募專頁：http://www.cmoney.tw/jobs/compensation-and-benefits.aspx▶官方網站：http://www.cmoney.com.tw更多工作資訊請參考：https://www.104.com.tw/job/6u1uz"
Senior/Junior AI Engineer AI工程師,迪威智能股份有限公司,"【工作內容】/職缺描述Responsibility:1. Design/Train/Develop new DeepWave’s AI models2. Refine/Re-train current AI models for DeepWave’s solutions.3. Provide APIs/brief demos while developing AI solutionsSenior Responsibility:1. Keep fetching SOTA methods/AI solutions and integrate/improve DeepWave’s solution2. Help to define and improve our internal standards for style, maintainability, and best practices for AI-heavy projects with members through code review.3. Help Junior to develop their technical skills/responsibility.Professional Skills:1. 1~2/3+ years relevant AI experience with Python/Scikit-Learn/Pytorch/TensorFlow/TF Lite/ONNX2. Ability on error analysis, data visualization e.g. matplotlib, …3. Experience on RESTFul API building using Flask/FastAPI4. Familiar with Git5. Familiar with deploying RESTFul API on AWS/local servers6. Comfortable and be able to develop with open source. :D7. Self-motivated, self-managed, and passionate on what we do.8. Strong technical communication skills.9. Team-work spirit, be nice and respectful to othersNice to have:Experience working with a remote teamExperience in a startup environment","演算法開發工程師,軟體設計工程師,韌體設計工程師","月薪60,000~120,000元",全職,台北市大安區,管理人數未定,無需出差外派,日班,依公司規定,不限,1~2人【相關條件】/,"上班族,應屆畢業生,外籍人士,學生實習",不拘,不拘- 公司產業：其它軟體及網路相關業,不拘,不拘,不拘,"不拘【其他條件】/【公司福利】/- 福利制度：工時/特休彈性工時，彈性遠端，入職後即可享按年比例之特休15天福利/推薦項公司提供筆電不定期聚餐/Team Building員工旅遊近捷運忠孝敦化，交通方便美食眾多員工紅利,員工認股,年終獎金,新人假,國內旅遊,國外旅遊,優於勞基法特休更多工作資訊請參考：https://www.104.com.tw/job/7ecqj",無
AI 工程師 Junior AI Engineer,賽席爾商極光科技有限公司,"【工作內容】/We are looking for a person who is excited to thrives in cooperative growing team and who loves learning new technologies. We expect that you will have strong motivation as Junior Back-end Engineer who is eager to tackle challenging troubleshooting and adapt in this fast-pace environment. -  Be able to perform API operation and maintenance-  Have knowledge of API third party integration-  Experience of Deep Learning, machine learning and Artificial Intelligence.-  Experience working with modern Deep Learning techniques, framework and applications, Python, DL framework (e.g Tensorflow, Keras, PyTorch...)Us e machine learning and analytical techniques to build prediction model for advertising solutions.- Design, develop and test advanced models for predictive consumer behavior- Design efficient, scalable, automated processes for large scale data analyses, model development, model validation and model implementation- Research and evaluate pioneering machine learning and statistical model	- Familiar with GIT controlling system and understand branching model(git flow, Github flow)- Have fundamental knowledge of internet service and understand RESTful API style- Self-motivated, willing to think outside the box and discover new technologies.- Good communication and personal skills: ability to interact and work well with members of other functional groups in a project team and a strong sense of project ownership","軟體設計工程師,演算法開發工程師",待遇面議,全職,台北市中山區,不需負擔管理責任,無需出差外派,日班,週休二日,不限,1~2人【相關條件】/,"上班族,應屆畢業生,原住民,二度就業,中壯齡",不拘,專科以上- 公司產業：電腦軟體服務業,不拘,不拘,不拘,"軟體工程系統開發,軟體程式設計,Machine Learning【其他條件】/","【其他條件】 ： 【Other Conditions】 :-有個人網頁連結或是相關程式請附上--Please attached your portfolio link if any-【加分條件 (非必要條件)】： 【Bonus Conditions (Not necessarily)】 :1.	代碼重構 / Refactor2.	設計模式 / Design pattern3.	Docker4.	MVC5.	Linux 環境架設與程式佈署Experience in Linux build environment establishing, software deployment 6.	雲端佈署經驗 AWS, Azure, Linode, Digitial Ocean Cloud Deployment experience 7.	有串接第三方金流、社群媒體、電商相關經驗With experience in connecting third party payment, social media, e-commerce 【公司福利】/- 福利制度：◆ 薪資及獎金 ◆1. 保障年薪2. 公司績效獎金3. 結婚禮金◆ 休假制度 ◆1. 年假及特休 2. 每月生理假3. 婚喪假及產假4. 彈性上下班時間5. 週休二日◆ 保險類 ◆1. 職災保險2. 勞健保◆ 休閒類 ◆1. 每月員工慶生會 2. 不定期的員工聚餐3. 每月免費零食，飲料無限享用 4. 不定期舉辦員工活動(聖誕Party、尾牙)5. 增進交流的讀書會◆ 其他 ◆1. 國泰健康檢查2. 提供員工訓練補助，鼓勵夥伴們學習新技能互相交流！年終獎金,專業證照獎金,零食櫃,部門聚餐,慶生會,免費下午茶,優於勞基法特休更多工作資訊請參考：https://www.104.com.tw/job/78loz"
AI工程師,中鼎集團_新鼎系統股份有限公司,【工作內容】/負責大數據應用/Deep learning應用解決方案與技術實作,"演算法開發工程師,軟體設計工程師,其他資訊專業人員",待遇面議,全職,台北市北投區,不需負擔管理責任,需出差，一年累積時間未定,日班,週休二日,不限,1~2人【相關條件】/,上班族,2年以上,大學、碩士- 公司產業：電腦系統整合服務業,"數理統計相關,資訊工程相關,化學工程相關",英文--聽 /中等、說 /中等、讀 /中等、寫 /中等,Python,不拘【其他條件】/,"1.熟悉並實作溝通深度學習如CNN/RNN/LSTM等演算法2.熟悉AI相關演算法，如Reinforcement learning 3.熟悉影像及聲音處理【公司福利】/- 福利制度：1. 除勞、健保外、另享有團保(壽險、職災險、意外險)等多項保障    2. 完善退休制度3. 週休二日,彈性上下班   4. 另有職工福利委員會--生日禮金、結婚禮金、子女教育獎學金、國內外旅遊補助及其他各社團活動等健全福利制度更多工作資訊請參考：https://www.104.com.tw/job/77upy"
AI工程師 (AI Engineer),卡洛地股份有限公司,"【工作內容】/我們是微軟金級Azure CSP 合作夥伴，銷售微軟Azure 相關產品，已開發令人耳目一新的雲端管理平台 (Cloud Management Platform)，如果你細心、積極、主動、負責任、善於溝通，擁有雲端開發資歷背景，歡迎加入我們的行列。Responsibilities:•         Research and implement cutting-edge Machine Learning/Deep Learning techniques•         Using time series forecasting methods to forecast cloud usage trends and identify anomalies•         Applying NLP to current product 工作內容：•         研究與運用目前最新的 ML/DL 演算法•         運用時間序列資料與模型進行異常分析與預測•         運用 NLP 於公司產品雲端資源管理平台之中 Requirements:•         Confident in implementing state-of-the-art models using Python•         Solid background in Statistics•         Familiar with popular Machine Learning Algorithms (eg. RNN/LSTM &amp; CNN family)•         Familiar with algorithms of Transferred Learning and Reinforcement Learning•         Familiar with Linux, Git, and SQL•         Capable of pre-processing raw data using various visualization, detection, transforming techniques 必要條件：•         根據論文內容實作出演算法預測模型的能力•         紮實的統計觀念•         熟悉常見的 ML/DL 演算法 (如 RNN/LSTM 與 CNN 等)•         熟悉 Transferred Learning and Reinforcement Learning 等演算法•         熟悉 Linux、Git、與 SQL•         有資料前處理的能力Preferred Qualifications:•         Working knowledge in one of the popular deep learning frameworks (eg. Pytorch, Keras, and TensorFlow)•         Understanding of time series data &amp; models•         Past experience in NLP•         Familiar with C# Web API, .NET Core•         Familiar with Azure/AWS/GCP Platform 加分條件:•         熟悉常用的深度學習框架如 PyTorch、Keras、TensorFlow 等•         了解時間序列資料與模型•         曾運用過 NLP•         熟悉 C# Web API 與 .NET Core•         熟悉 Azure/AWS/GCP 雲端平台Please Provide:•         Your resume•         Github/Kaggle link (Preferred, not required)•         Additional documentations such as ML/DL related thesis or project (Preferred, not required) 請附上:•         您的履歷•         您的 GitHub/Kaggle 連結 (加分，非必要)•         您的 ML/DL 相關畢業論文或專題 (加分，非必要)","軟體設計工程師,系統分析師,其他資訊專業人員",待遇面議,全職,台北市信義區,不需負擔管理責任,無需出差外派,日班,週休二日,不限,1~3人【相關條件】/,"上班族,應屆畢業生",2年以上,專科以上- 公司產業：電腦軟體服務業,不拘,英文--聽 /略懂、說 /略懂、讀 /略懂、寫 /略懂,不拘,不拘【其他條件】/【公司福利】/- 福利制度：◆ 保險1.勞保、勞工退休金提撥 2.健保 ◆ 升遷與教育訓練 1.輔導微軟認證，提供考試補貼與獎金2.外部訓練補助 3.多元職涯規劃◆ 彈性與福利1.當月發放薪資2.Work-Life Balance 工作與生活平衡3.週休二日 4.依法令規定給予休假5.員工獨立自主性管理 6.定期員工聚餐 7.飲料及零食無限量供應Employee benefits include:- Comfortable working environment with awesome view- Enjoy the unlimited supply of drinks and snacks- Participate in aperiodic social events- Work-life balance environment更多工作資訊請參考：https://www.104.com.tw/job/70h72,無
AI工程師,美律實業股份有限公司,【工作內容】/1、分析各種數據與建立辨識建模，針對專案或其他內部需求進行大數據分析。2、執行交辦事項，搜尋、製作新技術、論文之閱後報告，參加外部AI競賽。3、支援電聲技術論壇、電聲論文獎活動。,演算法開發工程師,待遇面議,全職,台中市南屯區,不需負擔管理責任,需出差，一年累積時間約三個月以下,日班,依公司規定,不限,1人【相關條件】/,"上班族,應屆畢業生",不拘,碩士- 公司產業：消費性電子產品製造業,"電機電子工程相關,資訊工程相關,數理統計相關",英文--聽 /精通、說 /精通、讀 /精通、寫 /精通,"Windows 10,Python",Machine Learning【其他條件】/,"1、資訊工程系所或其他理工系所碩士畢業，邏輯思維佳，論文研究主題為深度學習應用相關主題研究。2、熟悉機器學習、深度學習、大數據分析原理及相關框架套件之使用。3、熟悉訊號分析演算法，懂語音分析尤佳。4、熟悉程式語言及邏輯架構。5、外語能力佳、熟悉文書軟體操作、及具樂觀進取、積極主動、團隊合作等特質。【公司福利】/- 福利制度：OUR BENEFITS《暖心新生活，盡在美律！》1【成果共享】Outcome Sharing保障年薪14個月、員工分紅、年度調薪、股票激勵措施2【優於法令】Work &amp; Life Balance彈性工時、志工假、親屬婚假(子女或手足結婚)、派駐人員返台假(額外給假)、新人加入即可享有3天特休假、補班日無需出勤(給薪)3【安心保障】Compensation &amp; Insurance法定-勞/健保、退休金提撥公司-團體保險、意外醫療保險、旅行平安險、員工年度健檢、職場健康管理生活-婚喪/生育及住院津貼、急難救助、用餐津貼4【多元獎勵】Multiple Incentives生日/勞動節禮券、員工/子女獎學金、員工推薦獎金、年度優秀及資深員工表揚5【個人成長】Training Opportunities完善的教育訓練、暢通的晉升管道、訓練費用無上限、各式主題講座舉辦6【暖心活動】Team Activities家庭日、親子手作活動、年度員旅、旅遊補助、聚餐(季/中秋/年終)、社團活動7【溫馨空間】Warm Environment圖書中心、紓壓按摩、健身房、哺乳室8【其他福利】Other Benefits音樂會聆賞、電影票卷部門聚餐,社團活動,家庭日,員工紅利,員工認股,結婚禮金,生育津貼,社團補助,員工進修補助,子女教育獎助學金,旅遊補助,急難補助,伙食津貼,年終獎金更多工作資訊請參考：https://www.104.com.tw/job/7bmvl"
AI 工程師,天一電子股份有限公司,【工作內容】/(1)特徵工程(必備)具備統計分析能力，能夠透過統計分析big data，並取出有用的特徵欄位(含關聯性分析)(2)熟悉Python、AI self-learning(尤佳)(3)能夠熟悉SCADA工業控制系統運作(尤佳),軟體設計工程師,待遇面議,全職,新竹縣竹東鎮,不需負擔管理責任,無需出差外派,日班,依公司規定,不限,1人【相關條件】/,上班族,不拘,大學以上- 公司產業：其他半導體相關業,不拘,不拘,"C++,Java,Python",軟體程式設計【其他條件】/【公司福利】/- 福利制度：◆ 獎金 / 禮品類1.年終獎金2.三節禮金/禮品3.勞動節獎金/禮品4.生日禮金/禮品◆ 保險類1.員工團保2.意外險3.職災保險◆ 休閒類1.部門聚餐2.員工旅遊 ◆ 制度類1.伙食費2.誤餐費3.績效獎金4.員工提案獎金5.完整的教育訓練6.順暢的升遷管道◆ 請 / 休假制度1.特休/年假◆ 其他1.免費員工健康檢查◆ 補助類1.結婚禮金2.生育津貼3.住院慰問金4.喪葬慰問金更多工作資訊請參考：https://www.104.com.tw/job/7dfse,無
AI工程師,博智電子股份有限公司,【工作內容】/1.AI演算法開發和應用:機器學習、深度學習2.優化AI執行效能與準確度3.依專案需求，參與系統架構流程規劃4.具統計分析、資料建模能力,"軟體設計工程師,系統分析師,演算法開發工程師",待遇面議,全職,桃園市龍潭區,不需負擔管理責任,無需出差外派,日班,週休二日,一個月內,2人【相關條件】/,"上班族,應屆畢業生",不拘,專科、大學、碩士- 公司產業：印刷電路板製造業(PCB),"資訊工程相關,電機電子工程相關,其他數學及電算機科學相關",英文--聽 /中等、說 /中等、讀 /中等、寫 /中等,"C,C#,Java,Python",不拘【其他條件】/,1.數據清理能力、特徵工程、模型建置與調校經驗2.將專案產出轉為交付文件的文件化能力3.需有清晰的邏輯分析能力、獨立完成專案的能力4.具製造業經驗尤佳【公司福利】/- 福利制度：★團體意外保險★提供外縣市員工住宿★三節禮券★生日禮金★婚喪喜慶津貼★傷病住院慰問金★年度旅遊★完善教育訓練等項福利更多工作資訊請參考：https://www.104.com.tw/job/7ewrk
AI工程師,慧術科技股份有限公司,【工作內容】/工作內容1. 影像處理、物件偵測與辨識等相關演算法開發。 2. 以影像為基礎之機器學習/深度學習演算法開發。 3. 參與專案規劃與架構流程4. 具有醫學背景5. 滿兩年工作經驗,"軟體設計工程師,系統分析師,演算法開發工程師",待遇面議,全職,台北市信義區,不需負擔管理責任,無需出差外派,日班,依公司規定,不限,1人【相關條件】/,"上班族,應屆畢業生,原住民,二度就業",2年以上,大學以上- 公司產業：電腦軟體服務業,不拘,不拘,"C++,Python",不拘【其他條件】/,必備條件： • 影像處理基礎知識及開發經驗 • 熟悉C++或Python程式語言 • 熟悉OpenCV或其他電腦視覺相關函式庫【公司福利】/- 福利制度：年終獎金提供同仁教育訓練年終忘年會聚餐提供同仁團體保險更多工作資訊請參考：https://www.104.com.tw/job/7ev0u
AI工程師,康百事生物資訊股份有限公司,"【工作內容】/專案目標: 透過基因數據以及其他臨床特徵，進行疾病預測。內容:1. 數據整理評估2. 執行AI模型開發 (ML/DL model)3. 發掘適合應用的臨床數據 (Feature engineering, also known as feature creation)4. 模型參數最佳化 ","演算法開發工程師,軟體設計工程師","月薪50,000~200,000元",全職,新竹市,不需負擔管理責任,無需出差外派,日班，沒有固定時段，只看週進度,依公司規定,不限,1人【相關條件】/,不拘,不拘,不拘- 公司產業：生化科技研發業,不拘,不拘,"Linux,Git,Python",Machine Learning【其他條件】/,"必要條件1. 計算機科學學士或相當的實務經驗。2. 兩年的機器學習或深度學習經驗。3. 熟悉 Git/Python/TensorFlow (或其他框架)。加分條件1. 其他深度學習經驗 ( NLP, RL, GAN)2. 生物醫學背景【公司福利】/- 福利制度：沒有請假扣薪沒有上下班打卡工作地點隨你自由年終獎金,員工宿舍,不扣薪病假,不扣薪事假,可遠端/在家上班更多工作資訊請參考：https://www.104.com.tw/job/7ej61"
【研發替代役】AI Engineer_人工智慧工程師,全曜財經資訊股份有限公司,"【工作內容】/[歡迎具111年度研發替代役資格者投遞履歷]At CMoney, our mission is to assist people in their lifelong investment. To this end,we have already launched several services and apps to help users to make decisionson different matters. So far CMoney has had the most popular stock mobile app andstock forum in Taiwan, where each has almost 800k monthly active users. Everydaymore than 100k articles and messages emerge from our apps and forum.Meanwhile, we collaborate with 50+ investment KOLs to help users succeed ininvestment. Currently, CMoney is at the fast-growing stage, and thus we are lookingfor brilliant talents to join our team, especially the ones with integrity, high socialinterest and growing mindset. For more detail of CMoney, please refer to thefollowing link: https://www.cmoney.tw/jobs/ .Our AI team focuses on utilizing natural language processing techniques includingtext classification and automatic summarization to enhance our products and to provide values to our users. Our AI team is also responsible for developing and establishing cross-product recommendation systems so that our products can offerbetter experience for the users. Moreover, our AI team has to design the scheme of lifelong machine learning to sustain our AI-powered services. If you not only love to keep track of the latest trend of AI development and techniques but also are passionate about implementing the relevant AI algorithms by yourself, we welcome you to join us.As such, you will:Design, develop, train, and integrate AI models to our services or productsAnalyze and diagnose the problems and bottlenecks of current AI modelsCollaborate with other product and data teams to propose and provide better solutionsMake CMoney service more intelligent, and make CMoney data more beneficial to the communityLast but not least make our customer success","軟體設計工程師,演算法開發工程師",待遇面議,全職,新北市板橋區,不需負擔管理責任,無需出差外派,日班,週休二日,可年後上班,1~2人【相關條件】/,"上班族,應屆畢業生,研發替代役",不拘,大學以上- 公司產業：電腦軟體服務業,"數學及電算機科學學科類,工程學科類,商業及管理學科類",英文--聽 /中等、說 /中等、讀 /中等、寫 /中等,"C,C++,Java,Python","軟體程式設計,Machine Learning【其他條件】/","1. BS/MS/Ph.D in EE, CS, IM, Statistics, and Applied Math or related field2. Familiar with at least one of the following machine learning frameworks: Weka, Scikit learn, Spark, PyTorch, and Tensorflow3. Ability to collect the data, train models, fine-tune models, and deploy models4. Broad knowledge of deep learning, machine learning, statistics, and optimization5. Experience in training on large-scale (TB) datasets and training on distributed environment is a plus6.具111年度研發替代役資格者【公司福利】/- 福利制度：《薪酬福利＠CMoney》➡薪資及獎金、節金具競爭力的整體薪酬制度，提供「自提調薪制度」，吸引、激勵並留任優秀人才依當年公司營運狀況及個人績效表現提供具競爭力的薪資、專案獎金及年終獎金。➡基本保障除勞健保、勞退保障，另提供團體保險➡活動及補助活動類：節慶活動、尾牙、慶生會、不定期公司/部門聚餐、電影包場、多元化的社團活動、各式零食保健食品補助類(全職任職滿六個月)：健身房補助、國內外旅遊補助。生活類：美式雙門大冰箱、零食/保健食品、咖啡機。➡學習與成長我們非常重視員工成長，除了提供良好的工作與進修環境(CMoney教育訓練中心)，更享有免費資源學習投資理財、購書補助。➡快樂生活我們認為孩子的成長只有一次，凡撫養未滿10歲子女，每個出勤工作日可提前於17:30下班，讓你有更多時間陪伴家人(全職適用)。另有合作幼兒園/托兒機構優惠。更多關於CMoney▶招募專頁：http://www.cmoney.tw/jobs/compensation-and-benefits.aspx▶官方網站：http://www.cmoney.com.tw更多工作資訊請參考：https://www.104.com.tw/job/7e14y"
AI人工智慧工程師,智運國際科技股份有限公司,【工作內容】/1. 依專案需求進行數據整理、規劃與分析，設計AI模型   2. AI演算法開發設計運用 與模型整合  3. 規畫與架構標準化大數據分析流程   4. 協助相關數據分析,"軟體設計工程師,電信／通訊系統工程師,網路管理工程師","月薪31,000~50,000元",全職,台北市萬華區,不需負擔管理責任,無需出差外派,日班，0930~1830,週休二日,不限,1人【相關條件】/,"上班族,應屆畢業生,日間就讀中,夜間就讀中,外籍人士,原住民,二度就業",1年以上,不拘- 公司產業：電腦系統整合服務業,"數學及電算機科學學科類,運輸通信學科類,工程學科類",不拘,"C,C++,Python",不拘【其他條件】/【公司福利】/- 福利制度：法定項目勞保/健保/加班費/週休二日/生理假/特別休假/勞退提撥金      福利制度獎金類：年終獎金餐飲類：誤餐費設備類：員工健身房/交誼廳娛樂類：國內旅遊/員工聚餐/慶生會補助類：國內、外旅遊補助更多工作資訊請參考：https://www.104.com.tw/job/7etp6,無
期貨策略 AI 工程師 (AI Engineer),天鏡科技股份有限公司,"【工作內容】/你是對期貨買賣操作有想法的人嗎 ? 徵求期貨界的傑西.李佛摩 -「最活躍的美國股市投機客」，想挑戰高薪及持續性收入嗎 ? 我們歡迎您加入「策略無限 - 策略開發」團隊 !!* 我們有全世界最厲害的回測系統，您發想出來的策略，回測台灣期貨19年的交易資料只要5-10分鐘，其他的回測系統則需要3-4 個小時。5-10分鐘我們還不滿意呢， 1 秒內完成19年的回測是未來目標，這真的很 COOL。* 我們有全世界最厲害的雲端Google 主機自動下單系統，免盯盤、家中免電腦、APP接受下單成交推播，您發想的策略，第二天立刻投入實戰。Required Skills &amp; Experience• Experience of Deep Learning, machine learning and Artificial Intelligence with MS in Engineering, Mathematics, Computer Vision or Computer Science • Experience working with modern Deep Learning techniques, framework and applications, Python, DL framework (e.g Tensorflow, Keras, PyTorch...), C, C++, C# programming experience (One of them) • Experience working with Deep Learning projects • Good teamwork and interpersonal skills • Action oriented with good communication, analytical and problem-solving skills","演算法開發工程師,軟體設計工程師",待遇面議,全職,新北市新莊區,不需負擔管理責任,無需出差外派,日班，9 : 00~18 : 00,依公司規定,可年後上班,不限【相關條件】/,"上班族,應屆畢業生",不拘,專科以上- 公司產業：電腦系統整合服務業,不拘,不拘,不拘,不拘【其他條件】/【公司福利】/- 福利制度：1. 國家級的福利保障，享勞保、健保、男性員工陪產假、員工退休金制度...等等，國家保證的，我們一定給！2. 需要醣份補充腦袋嘛！？我們有吃不完的零食、飲料、咖啡，清單由你開。 3. 對進修有熱誠，看到什麼課都想上？我們有書籍、進修課程費用輔助，讓您可以一直提升自我4. 三節節日有獎金及禮品，讓您愉快的放假5. 不定期的員工聚餐新北總公司工作環境:* 視野遼闊，新莊運動公園第一排樹海美景，交通便利，近新莊捷運站 * 百坪員工宿舍和交誼廳* 開放式工作空間，拉近溝通距離高雄分公司工作環境 (駁二共創基地):* 各空間內的全景落地窗，在工作之餘可以一覽高雄港壯闊港灣景色，感受駁二濃厚藝文氛圍* 小巧精緻的廚藝教室，提供各式基本廚藝設備，及用餐區域供夥伴共同創作交流* 共創基地提供多元化的服務，希望凝聚更多不同產業群聚，增進異業結盟之媒合機會更多工作資訊請參考：https://www.104.com.tw/job/5sdae,無
人工智慧工程師,新光金融控股股份有限公司(新光金控/新光人壽/新光銀行/新光投信),【工作內容】/★Make a Difference新光金控致力於成為最懂客戶需求的數位金融領導品牌。我們相信，融入客戶生活，聆聽客戶聲音，運用科技創造不凡體驗，才能創造企業持續成長的價值。面對金融科技的浪潮與挑戰，我們需要有共同信仰的你加入，一起翻轉數位金融的旅程 “Make a Difference”。在這裡你將負責的任務&gt; (1) 具有獨立AI研發與佈署能力，包含AI環境佈署與框架運用、機器模型建立、演算法引用研發等。 (2) 與子公司及外部技術夥伴進行深度技術合作，用以解決金融實務問題與改善內外部客戶/員工歷程。 (3) 評估外部合作夥伴之技術深度與廣度適用性。 (4) 運用RPA自動化流程開發並適時研究搭配AI相關應用於自動化流程。必要條件&gt;1. 具備深度學習開源框架技能，例如Tensorflow或Pytoch或Keras等。2. 熟悉基礎的機器學習方法並可充分應用於金融相關場景，例如預測模型、風險模型、徵審模型等。3. 具有Python或C/C++程式語言與機器學習相關技能，例如DNN、CNN、 RNN等。4. 注重細節的團隊合作者，具有良好的溝通與表達能力。5. 面試時可附上個人side project或研發成果簡報相關資料以利佐證。＜加分條件＞1. 資料科學、資訊工程、資訊管理或相關領域的學位。2. 曾在金融業工作/實習或是有服務過金融客戶有關人工智慧研發經驗者佳。3. 個性積極、具有挑戰創新的熱忱、自我管理能力佳，對於AI研發與科技應用具有熱情。4. 具備人工智慧相關特定領域經驗佳 e.g. NLP、ASR、生物辨識、推薦系統等。,"演算法開發工程師,軟體設計工程師,其他資訊專業人員",待遇面議,全職,台北市中正區,不需負擔管理責任,無需出差外派,日班，8:30~17:30,依公司規定,不限,1~2人【相關條件】/,"上班族,應屆畢業生,二度就業",不拘,大學以上- 公司產業：金融控股業,不拘,不拘,"C,C++,Python",不拘【其他條件】/,【專業能力】• 熟悉開源機器學習或深度學習框架之架構設計與建模經驗• 瞭解金融產業相關人工智慧應用現況並具備想法• 具備專案管理與執行能力【團隊文化】1. SPARK: Think Strategically. Be Professional. Be Adaptive. Relationship-led. Keep Going.保持策略思考、具專業性、高適應性、團隊合作，並持續向目標前進2. Go The Extra Mile.             從做好到不凡3. Stay Hungry. Stay Foolish.       持續好奇與學習4. Hack Everything.               樂於拆解問題5. Embrace Uncertainty.           擁抱變動環境下的機會6. Think Outside the Box.          突破傳統框架的思考7. Have A Can-do Attitude.         不自我設限的勇氣8. Own A Growth Mindset.         自我追求成長的精神【公司福利】/- 福利制度：新光提供之員工福利包括年節獎金、員工持股信託、婚喪禮金、生日禮品、員工福利保險、員工房貸優惠、健全的退休金制度、每年定期免費的健康檢查及不定期的醫療優惠方案，職工福利社、員工餐廳及多樣的關係企業優惠員購方案等。更多工作資訊請參考：https://www.104.com.tw/job/7c0sd
AI工程師,宏虹電子科技有限公司,【工作內容】/***歡迎應屆畢業生***我們是一群年輕的團隊，鼓勵個人追求卓越表現，也提供暢通的升遷管道、職涯發展，宏虹也相當注重員工的工作環境，提供下午茶、聚餐、party等多樣福利~ 宏虹耕耘的領域包括數據採集、無線電通信與監測、網絡可視化、測試測量、汽車電子、自動化和嵌入式開發工具，如果你對宏虹有興趣，且對於自己在AI、數據分析、人工智慧等技術方面的能力有信心，也對於自己未來工作發展有想法，歡迎與我們聯繫~工作職責:1.從事人工智能、機器學習、大規模分佈式系統領域前沿算法及應用的研究分析；2.有效率辨識與選擇適合之AI技術進行模型開發(建模、分類、驗證、預測...)並解決問題；3.負責人工智能項目技術方案的開發、制定以及交付；4. 跟進最新AI技術進展及評估效益，並根據需求提供解決方案、技術支持；5. 其它主管交辦事項。,"軟體設計工程師,演算法開發工程師,Internet程式設計師","月薪40,000元以上",全職,桃園市蘆竹區,不需負擔管理責任,需出差，一年累積時間未定,日班，09:00~18:00,週休二日,不限,1~3人【相關條件】/,應屆畢業生,不拘,大學以上- 公司產業：綜合商品批發代理業,不拘,不拘,不拘,不拘【其他條件】/,"*需為應屆畢業生or工作經驗1-2年以內職位要求：1. 大學及以上學歷，資工、資管等相關學系所畢業佳；2.至少熟悉一種可開發量化交易工具Python、R、SAS、JAVA、C#、C++等；3.有進行統計分析、資料建模、自主研發量化交易策略能力；4.熟悉Linux操作系統、機器學習算法和深度學習框架佳；5.在機器學習與人工智慧領域有相關學習，或有機器學習相關的論文或專案經驗者佳。【公司福利】/- 福利制度：◆獎金/禮品類1.年終獎金2.三節禮金/禮品3.生日禮金◆請/休假制度1.週休二日2.特休/年假3.婚/產/陪產/育嬰/家庭照顧假4.女性員工生理假◆活動福利類1.下午茶零食櫃2.定期員工聚餐(兩週一次)3.月末party4.員工年度旅遊補助◆其他1.員工每年健康檢查2.手機門號補助(視職務需求發放)3.員工機車停車補助年終獎金,三節獎金/禮品,零食櫃,部門聚餐,慶生會,員工停車位,免費下午茶更多工作資訊請參考：https://www.104.com.tw/job/75cky"
AI工程師//資料科學家/機器學習工程師/資料工程師,天益教育科技有限公司,"【工作內容】/本公司是醫教整合的新創公司主要是將幼兒能力數據可視化進行分析並且以大數據庫為驅動推薦最適性培育方案給老師並且長期追蹤了解孩子的成長軌跡進而持續修正演算法則與內容公司的技術核心就是做到『精準教育』。所以誠摯地邀請你如果你具備數據演算的相關專長同時你也熱愛與孩子相關的工作內容歡迎你加入我們！★工作描述1. 使用資料科學技術剖析數據，協助產品成效優化及發展方向2. 負責資料收集、資料清理、模型建置等工作事項3. 協助處理網路使用者觀看的文本，進行關鍵字擷取、文本分類等NLP任務4. 廣告推薦系統建置及優化5. 數據視覺化報表產出★能力要求1. 熟悉 ML 相關知識2. 熟悉Python程式語言，包含Pandas, Numpy, Sklearn,Tensorflow, Pytorch等模組3. 熟悉Linux 系統操作4. 熟悉資料庫程式語言 SQL★希望你有1. 推薦系統處理專案經驗佳2. 自然語言處理專案經驗佳3. 曾參與ML相關研究、競賽或發表論文經驗佳4. 具有統計學專長5. 具有分散式運算的相關知識，如 Spark、Hadoop、Hive6. 有使用過GCP, AWS 等雲端服務經驗佳","演算法開發工程師,其他資訊專業人員,軟體設計工程師","月薪40,000元以上",全職,新北市中和區,不需負擔管理責任,無需出差外派,日班/晚班,依公司規定,不限,1~2人【相關條件】/,上班族,不拘,大學以上- 公司產業：其他教育服務業,不拘,不拘,不拘,"系統架構規劃,系統整合分析,軟體工程系統開發,Machine Learning,資料庫軟體應用【其他條件】/【公司福利】/更多工作資訊請參考：https://www.104.com.tw/job/7fm1t",無
AI工程師(台北總公司),東和鋼鐵企業股份有限公司,【工作內容】/1.負責AI、Big Data專案之開發、建置與推廣2.具資料科學基本概念和技能3.有AI程式開發經驗者佳4.具工作熱忱、團隊精神和責任感,"演算法開發工程師,軟體設計工程師,Internet程式設計師",待遇面議,全職,台北市中山區,不需負擔管理責任,無需出差外派,日班,依公司規定,不限,1人【相關條件】/,上班族,不拘,大學以上- 公司產業：鋼鐵基本工業,資訊工程相關,不拘,不拘,不拘【其他條件】/【公司福利】/- 福利制度：1.勞健保、團保（壽險、意外險）。2.盈餘獎金、年終獎金、提案獎金。3.員工分紅認股制度、退休制度、退休紀念金幣、模範勞工表揚。4.傷病慰問、急難救助。5.全方位訓練課程及圖書室。6.完善健康檢查（工廠設立醫護室及職業醫學專科醫師諮詢服務）。7.福利委員會 （三節禮金、生日禮金、勞動節禮金、員工旅遊、生育補助、婚喪禮金、子女教育獎學金、社團活動）。8.企業工會。9.總公司優質辦公環境，彈性化上下班制度及慶生會活動。10.各工廠設置員工餐廳及宿舍。更多工作資訊請參考：https://www.104.com.tw/job/71ewl,無
【2021重點職缺專區】AI人工智慧工程師,資策會_財團法人資訊工業策進會,【工作內容】/1.開發智慧健康 / 智慧運動等人工智慧應用服務2.數理統計 / 資料探勘 / 機器學習 / 人工智慧演算法實作與系統整合開發3.數據資料分析應用4.撰寫技術文件和設計規格5.影像處理/ 即時資料處理/ 語言處理,"軟體設計工程師,系統分析師,演算法開發工程師","月薪42,000元以上",全職,台北市松山區,不需負擔管理責任,無需出差外派,日班，09:00-18:00,依公司規定,不限,2~4人【相關條件】/,"上班族,應屆畢業生,中壯齡",不拘,碩士- 公司產業：電腦軟體服務業,"資訊管理相關,資訊工程相關,電機電子工程相關",英文--聽 /中等、說 /中等、讀 /中等、寫 /中等,"Linux,UNIX,Git,Python,Excel,PowerPoint,Word",不拘【其他條件】/,此為校園徵才專區職缺，將於收到履歷後，轉推薦需求主管後安排面試。若符合以下條件尤佳：1.熟悉Python2.熟悉Tensorflow / Keras3.具CNN / RNN / Reinforcement Learning / GAN相關研究實作經驗4.具Git / Docker經驗尤佳5.具穿戴 / IoT裝置（例如智慧手環 / 影像串流）資料分析經驗尤佳6.熟悉Unix / Linux環境7.能獨立作業，並與團隊協作8.需熟悉Excel、PowerPoint、Word操作【公司福利】/- 福利制度：提供您樂在工作、勁在工作、享受工作的環境： 1.彈性到班2.便捷的工作地點3.專利獎金4.卓越技術貢獻獎勵5.績優人員表揚6.優於勞基法的特休假7.生日賀禮8.優厚獨特的退職金制度9.照顧全家人的團保計畫10.身心平衡的員工旅遊補助11. 貼心規劃的健康檢查12.體恤員工的結婚、生育及喪葬補助13.豐富多元的福利活動14.語文及學位進修補助15.素質優良的同儕環境更多工作資訊請參考：https://www.104.com.tw/job/7786r
研發中心-AI工程師【高雄】,采威國際資訊股份有限公司,【工作內容】/1. 負責公司AI演算法架構制定與軟體系統的研發工作2. 根據專案開發要求，進行系統架構設計、軟體程式撰寫、演算法調優等工作3. AI模型部署至公有雲平台，並提供API和服務供其他雲端服務串接4. 配合專案進度，協同執行專案相關工作5. 主管交辦事項,"軟體設計工程師,其他資訊專業人員,Internet程式設計師",待遇面議,全職,高雄市前鎮區,不需負擔管理責任,無需出差外派,日班,週休二日,一個月內,不限【相關條件】/,上班族,3年以上,大學以上- 公司產業：電腦軟體服務業,不拘,不拘,不拘,不拘【其他條件】/,"1. 熟悉一種或幾種主流機器學習框架（如TensorFlow / Pytorch / Caffe等）2. 熟悉數據分析，系統開發，使用過AWS、GCP、Azure等平台開發AI System【公司福利】/- 福利制度：為招攬並留住優秀人才，除提供具有競爭力薪資外，也設計內外部教育訓練課程與晉升機制。逾76%主管職，由內部培養晉升。此外，員工起薪3萬元以上，並每年固定調薪，近五年平均調薪人次&gt;52%，平均調薪幅度&gt;7.8%。◆ 『采威人的薪獎與健康保障』 1. 年終獎金  2. 業務獎金  3. 專案獎金  4. 三節禮金/禮品  5. 生日禮金  6. 結婚禮金  7. 生育禮金  8. 人才推薦獎金(最高可達20,000元)9. 喪葬補助  10. 勞保/健保/勞退  11. 每年員工健康檢查 ◆ 『采威人的晉升與共同成長』 1. 順暢的升遷管道 2. 公開透明的晉升考試制度 3. 新進人員Mentor制度 4. 多元化專業訓練課程 5. 定期資訊技術分享會 6. 學習成長補助 7. 主管培訓課程 8. 團體讀書會 ◆ 『采威人的休假與生活關懷』 1. 年休假/特休  2. 加班補休假  3. 女性生理假  4. 產檢假  5. 男性陪產假  6. 家庭照顧假  ◆ 『采威人的娛樂休閒大件事』 1. 國外旅遊補助 2. 豐富下午茶點免費享用 3. 新進人員聚餐補助 4. 年度大型運動會 5. 我們注重員工的健康 : 采威社團- 羽球社、籃球社；免費瑜珈及有氧運動、 健身房補助 6. 凝聚力的部門聚餐活動 7. 包場電影欣賞 8. 不定期員工聚會活動 9. 特約商店(好評增加中)  10. 尾牙活動 國外旅遊,部門聚餐,員工認股,結婚禮金,社團補助,員工進修補助,健身費用補助,年終獎金,零食櫃,咖啡吧更多工作資訊請參考：https://www.104.com.tw/job/786hw"
Machine Learning/ AI Engineer深度學習工程師,淇譽電子科技股份有限公司,【工作內容】/針對生理音（廔管音、心音、肺音）需要進行AI分析,"軟體設計工程師,演算法開發工程師,系統分析師",待遇面議,全職,新北市中和區,不需負擔管理責任,無需出差外派,日班，9:00~18:00,週休二日,不限,1人【相關條件】/,"上班族,應屆畢業生",不拘,大學、碩士- 公司產業：消費性電子產品製造業,"資訊工程相關,電機電子工程相關",不拘,"C,C++,Java,Python,Ruby","軟體工程系統開發,資料通訊與網路應用,軟體程式設計【其他條件】/","肯學習、易溝通，具備相關領域學位或工作經驗佳【公司福利】/- 福利制度：◆ 激勵獎酬	1.年終獎金                     2.員工分紅 ◆ 獎金/禮品類	1.三節禮券	2.勞動節禮券                     3.生日禮券◆ 保險類	1.勞保	2.健保	3.團保◆ 休閒類	1.旅遊	2.慶生會                     3.書報雜誌閱覽區                     4.員工健身活動區                     5.咖啡零食區                    6.員工聚餐                    7.年終尾牙晚會            ◆ 制度類	1.完整的管理制度                     2.教育訓練	3.順暢的升遷管道◆ 請 / 休假制度	1.週休二日	2.特休假	3.女性同仁生理假                     4.陪產/產檢假◆ 其他	健康檢查◆ 補助類	1.婚喪喜慶補助	2.生育津貼	3.住院慰問金   更多工作資訊請參考：https://www.104.com.tw/job/6ewsa"
AI工程師,美商艾必威科技有限公司台灣辦事處,"【工作內容】/1. 基於音樂之數據資料前期處理, 包含數據清洗, 特徵擷取, 數據相關性分析.2. 音樂演算法開發與最佳化, 模型建立, 預測, 分類及驗證.3. 基於音樂之機器學習/辨識, 深度學習或其他相關演算法應用.其他:1. 良好溝通, 自主學習2. 具軟體分析開發熱誠3. 跨部門溝通協調關於公司相關資訊，您可以透過以下網址了解我們:iBUYPOWER: https://www.ibuypower.com/company ","軟體設計工程師,演算法開發工程師,系統分析師",待遇面議,全職,新北市土城區,不需負擔管理責任,需出差，一年累積時間約一個月以下,日班,週休二日,不限,1人【相關條件】/,"上班族,應屆畢業生",不拘,大學以上- 公司產業：電腦及其週邊設備製造業,"資訊工程相關,數理統計相關,應用數學相關",不拘,"C,C#,C++,Python",軟體程式設計【其他條件】/【公司福利】/- 福利制度：【法定項目】暫不提供【其他福利】暫不提供◆ 獎金/禮品類1.年終獎金◆ 保險類1.勞保2.健保◆ 休閒類1.部門聚餐2.慶生會◆ 制度類1.績效獎金2.員工提案獎金◆ 請 / 休假制度1.週休二日2.特休/年假3.不扣薪病假◆ 補助類1.結婚禮金2.員工進修補助3.退職金提撥4.交通補助更多工作資訊請參考：https://www.104.com.tw/job/764ci,無
B13人工智慧工程師,晉弘科技股份有限公司,"【工作內容】/1.	影像處理演算法開發與維護2.	機器學習(Machine learning)演算法研發與應用3.	資料前處理與建模4.	Python/C/C++ 軟體開發經驗","軟體設計工程師,演算法開發工程師,韌體設計工程師",待遇面議,全職,新竹市,不需負擔管理責任,需出差，一年累積時間未定,日班，09:00-18:00,依公司規定,不限,1~2人【相關條件】/,應屆畢業生,不拘,碩士- 公司產業：醫療器材製造業,資訊工程相關,不拘,不拘,不拘【其他條件】/【公司福利】/- 福利制度：三節獎金、團體保險、績效獎金、團膳用餐補助、國內外出差交通補助、文康活動、員工旅遊 、福委會各類補助、社團活動補助、年度健檢、教育訓練。更多工作資訊請參考：https://www.104.com.tw/job/7enpl,無
資深ASP.NET工程師,風行天股份有限公司,【工作內容】/風行天是FINTECH與AI的領導公司，是一個年輕有活力的團隊，在業界享譽卓著。我們歡迎有熱情有能力的ASP.NET工程師加入我們。我們開發、設計平台與產品，提供企業在業務外勤上的管理工具提升效率，也提供獨特的匯兌風險管理平台，協助企業管理風險。所以您在這裡除了可以貢獻所學，還能借由互相學習提昇自我。具積極進取跟願意接受挑戰就是我們需要的人才！工作內容：1. 開發環境 : ASP .Net Core 22. 前端開發 : Angular6、Inoic3. 前後端介接 : GraphQL、WebAPI4. 資料庫 : Entity Framework、MS-SQL5. 與行動裝置應用技術結合,"軟體設計工程師,Internet程式設計師,網頁設計師","月薪50,000~100,000元",全職,台北市中山區,不需負擔管理責任,無需出差外派,日班，上班時間09:00~18:30 (午休12:00~13:30),週休二日,不限,2~4人【相關條件】/,"上班族,二度就業,中壯齡",2年以上,大學以上- 公司產業：其它軟體及網路相關業,"資訊管理相關,資訊工程相關",不拘,"ASP.NET,PHP,MS SQL,MySQL,JavaScript,jQuery","系統架構規劃,軟體程式設計,網路程式設計,資料庫程式設計【其他條件】/",加分條件 :1. 具備工作熱誠與良好的研究精神2. 具備三年(含)以上程式開發維護工作經驗3. 具備 SPA 架構開發經驗4. 熟悉MSSQL資料庫工具操作5. 了解WebService及WebAPI概念6. 了解RESTful軟體架構觀念7. 具備 CSS 微調能力8. 具財務系統建置、維護經驗加分【公司福利】/- 福利制度：我們贊成員工「work hard and play hard」，也認同愉快的上班場所需要每一位員工一起來創造。因此風行天提供以下福利，希望能營造一個「work and life balance」的快樂工作環境：【法定義務】 ● 勞保 ● 健保 ● 6%勞退【獎金】 ● 年終獎金(依公司營運狀況及個人績效核發) ● 業務、PM及工程團隊績效獎金；業務另享季獎金及年獎金(皆按公司獲利程度與職務類別、個人績效核發)【休閒】 ● 每季一次的慶生下午茶會 ● 每年一次的尾牙 ● 不定期的主管outing、公司聚餐及下午茶 ● 專屬零食區【完善制度】 ● 良好的教育訓練 ● 透明的升遷管道 ● 順暢的團隊溝通 ● 人性化的經營理念【請 / 休假福利】 ● 週休二日 ● 優於勞基法：正職人員第一年即享有7天按比例特休假、1天生日假、2天健身購物假、以及不定期的2小時Early Home。更多工作資訊請參考：https://www.104.com.tw/job/7cndl
人工智能CV算法工程師 (AI CV Algorithm Engineer),羅傑斯人工智能股份有限公司,"【工作內容】/任職條件:  1. 對人工智慧算法研發有強烈熱誠與興趣。  2. 計算機，電子工程，自動化方向相關學歷，有機器學習或深度學習研究背景。  3. 熟悉 C++和Python編程，具有算法實現能力。  4. 熟悉CV演算法，並能針對現有神經網路模型(如: 物件/人臉偵測、人臉辨識)進行加速及優化   5. 不怕困難，有毅力獨立思考及解決問題能力。具以下實作經驗者佳,1.	人臉偵測 / 人臉辨識2.	CNN模型壓縮3.	生成對抗網路 (GAN)4.	姿態追蹤運動系統5.	物件體積量測系統6.	熟悉分散式運算、平行運算提供可參考電腦視覺相關開發專案, 如github 尤佳","演算法開發工程師,軟體設計工程師,韌體設計工程師",待遇面議,全職,台北市大同區,管理4人以下,無需出差外派,日班,週休二日,可年後上班,1人【相關條件】/,上班族,5年以上,大學、碩士- 公司產業：電腦軟體服務業,"資訊工程相關,電機電子工程相關",不拘,不拘,不拘【其他條件】/,"曾在下列會議或期刊發表作品優先錄取CVPR: International Conference on Computer Vision and Pattern RecognitionICCV: International Conference on Computer VisionAAAAI: AAAI Conference on Artificial IntelligenceICML: International Conference on Machine LearningNIPS: Annual Conference on Neural Information Processing SystemsJCAI: International Joint Conference on Artificial IntelligenceTPAMI: IEEE Trans on Pattern Analysis and Machine IntelligenceIJCV: International Journal of Computer VisionTIP: IEEE Transactions on Image Processing【公司福利】/- 福利制度：1、 驚喜人生大事祝福禮公司將每個員工視為家庭的一份子, 每位員工的人生大事, 如結婚, 生子 皆提供神秘大禮表達祝福。 2、鼓勵生育  0~6歲公司幫忙養入職後懷孕生子, 公司補助保母費用, 減輕員工負擔3、競爭力薪酬獎金制度 提供一流的薪資水準、員工分紅、股票選擇權，及各式獎金。 4、員工保險 除勞健保外，提供額外員工醫療團體保險。 5、特休假制度 優於勞基法休假天數，員工到職立即依當年度在職比例享有特休假。 女性同仁每月一天全薪生理假。 6、多元福利活動與津貼 不定期舉辦多元化的聚餐與團隊凝聚活動及提供用不完的飲料、茶點，給夥伴們隨時滿滿的精力。 7、優質工作環境 總部位於台北市中心、交通暢行無阻。 8、 國際化職場環境 能與國內、外AI大數據研發、行銷與管理優秀人才共事，快速提升國際視野及競爭力。更多工作資訊請參考：https://www.104.com.tw/job/6my9d"
AI工程師,長泓膠業股份有限公司,【工作內容】/1、以機器學習、深度學習與資料分析規劃與統籌專案，藉由科技的力量強化公司的系統並提供數據做為決策分析依據。2、研究與開發人工智慧之演算法結構、並提供應用和服務 3、跨部門溝通、協調、整合專案進行，推動公司AI與新創科技導入應用。4、具備統計分析、資料建模能力。5、主管交辦事項。,"演算法開發工程師,系統分析師,統計精算人員","月薪35,000~45,000元",全職,彰化縣鹿港鎮,不需負擔管理責任,需出差，一年累積時間未定,日班，08:00-17:00,依公司規定,一個月內,1人【相關條件】/,"上班族,應屆畢業生",不拘,碩士- 公司產業：橡膠製品製造業,"統計學相關,數理統計相關,資訊工程相關",英文--聽 /中等、說 /中等、讀 /中等、寫 /中等,"C++,Java,Python,JavaScript,Excel,Outlook,PowerPoint,Word","不拘【其他條件】/【公司福利】/- 福利制度：長泓膠業 福利制度【薪酬制度】1.	合理的薪資結構：依職務標準核定「本薪」；另有「學歷津貼」、「交通津貼」、「專業津貼」、「主管津貼」等各項給付。2.	績效獎金：視當月公司營運績效及個人績效而定。3.	年終獎金：視當年公司營運績效及個人績效而定。4.	業務人員配置公務機、油資全額補貼。【福利制度】完善的保險規劃1.	符合勞基法規定2.	勞保、健保、勞退3.	團保【豐富的福利措施】1.	結婚互助、新居落成、生育互助、住院互助、喪葬互助津貼。2.	員工國內外旅遊、旅遊代金。3.	員工子女獎助學金4.	三節獎金、生日禮卷、生日蛋糕5.	特約商店6.	員工餐廳7.	員工制服8.	精緻員工健康檢查9.	歲末年終尾牙活動10.  員工介紹獎金【完整的訓練規劃】1.依據職能完備率進行專業職能、管理職能訓練。2.部門學習3.線上學習E-learning4.外部訓練補助5.員工在職進修補助年終獎金,員工餐廳,子女教育獎助學金,旅遊補助,住院慰問金,國內旅遊,特約商店,內部講師鐘點費,員工團體保險更多工作資訊請參考：https://www.104.com.tw/job/7c5ea",無
AI應用工程師,財團法人自行車暨健康科技工業研究發展中心,【工作內容】/工作項目說明：1.AI專案執行及程式撰寫(python、SQL、資料庫、數據分析…)2.科技專案研究規劃與執行3.廠商合作案規劃與執行,"軟體設計工程師,Internet程式設計師","月薪35,000元以上",全職,台中市西屯區,不需負擔管理責任,無需出差外派,日班,依公司規定,不限,1人【相關條件】/,"上班族,應屆畢業生,原住民,二度就業",不拘,大學- 公司產業：自行車及其零件製造業,"資訊工程相關,資訊管理相關",不拘,"Python,MS SQL,MySQL",不拘【其他條件】/,"1.學歷:資訊工程相關,資訊管理相關科系大學畢業2.熟python, SQL,資料庫、數據分析。3.具大數據分析、AI 相關技術 應用經驗佳。【公司福利】/- 福利制度：依勞基法每日工作八小時,享勞健團保,週休二日,彈性上下班,人性化管理,完善教育訓練職工福利◎生育、結婚、生日禮金。◎中秋節、端午節金。◎傷病住院、喪葬慰問金。◎社團活動。◎員工旅遊。更多工作資訊請參考：https://www.104.com.tw/job/7fjpn"
AI演算法工程師,力晶積成電子製造股份有限公司(力積電),【工作內容】/【工作內容】 1. 需求分析及規劃、資料萃取、資料清理、特徵工程 2. 數據分析、資訊視覺化、說明分析結果、提出建議 3. AI演算法的設計和應用,"演算法開發工程師,MIS程式設計師,系統分析師",待遇面議,全職,新竹市,不需負擔管理責任,無需出差外派,日班，8:00~17:00,依公司規定,不限,2人【相關條件】/,"上班族,應屆畢業生",不拘,大學、碩士- 公司產業：其他半導體相關業,"資訊工程相關,資訊管理相關,電機電子維護相關",英文--聽 /中等、說 /中等、讀 /中等、寫 /中等,"C#,C++,Python,MS SQL,MySQL,Oracle,PL/SQL,PostgreSQL,JavaScript,jQuery",不拘【其他條件】/,"- 大學學歷以上，資訊相關領域尤佳- 積極、配合度高、具有分析解決問題以及溝通能力- 熟悉 Python 語法與 SQL 語法- 熟悉一種或以上的機器學習套件- 具機器學習/深度學習相關經驗尤佳【公司福利】/- 福利制度：◆ 獎金/禮品類	1.年終獎金	2.三節及生日禮卷	3.勞動節獎品/禮品◆ 保險類	1.勞保	2.健保	3.免費員工團保	4.眷屬團保◆ 休閒類	1.多元化社團活動◆ 制度類	1.季績效獎金	2.完整的教育訓練	3.順暢的升遷管道◆ 設備類	1.員工宿舍(新竹廠)	2.員工上下班交通車(新竹廠，限技術員，桃竹苗區)	3.員工餐廳(供早午晚餐+宵夜，另有用餐補助)        4.7-11便利商店	5.圖書室	6.哺乳室        7.休閒運動中心(健身房、室內撞球、桌球、報章雜誌閱覽區) ◆ 請 / 休假制度	1.週休二日(限常日班)	2.特休/年假	3.彈性假        4.婚/產/陪產/育嬰/家庭照顧假	5.女性同仁生理假◆ 其他	1.員工購物優惠	2.員工室內汽/機車停車位	3.定期健康檢查	4.配發公務機	5.特約商店◆ 補助類	1.結婚禮金	2.生育補助	3.子女教育獎助學金        4.住院/喪葬慰問金	5.員工旅遊補助更多工作資訊請參考：https://www.104.com.tw/job/774tk"
工研院服科中心_文化科技AI工程師(S100),工研院 _財團法人工業技術研究院,"【工作內容】/對科技藝術相關創作計畫進行 ""影像辨識 / 影像生成(GAN)"" 應用程式開發 文化科技領域應用計畫之身體節點動態偵測的應用開發。","軟體設計工程師,其他資訊專業人員,電子工程師",待遇面議,全職,新竹縣竹東鎮,不需負擔管理責任,無需出差外派,日班,依公司規定,一個月內,1人【相關條件】/,"上班族,應屆畢業生",不拘,碩士- 公司產業：其他專業／科學及技術業,"資訊工程相關,數學及電算機科學學科類,資訊管理相關",不拘,不拘,不拘【其他條件】/,"有深度學習、類神經網路開發經驗者，並能靈活運用模型處理解決實務問題。具備實作經驗，了解深度學習數學運算:-Convolution,-Relu,-MaxPooing...等。熟悉學習開發工具-(Tensorflow、Pytorch其一)。、熟悉程式語言-(C/C++、Python-其一)。資工、資科、資管、電機相關領域畢業尤佳 ，擅長程式設計撰寫 特殊加分: 參加AI等相關程式競賽得獎紀錄者優先錄取 能接受人文科技創意多元跨領域工作環境者 歡迎具有跨域專長之工作夥伴加。請提供英文測驗成績(相當於TOEIC 650分之英文測驗成績證明)如無法提供，將安排參加本院英文檢測。【公司福利】/- 福利制度：這是一個為研究菁英打造的研發環境，我們的訴求是讓研究人員能在此構築人生理想及技術成就，讓工作與生活兼顧平衡與樂趣。多年來致力於打造讓每位工研人身體健康、工作愉快，進而使家庭幸福快樂的友善職場。優於法規之多元給假制度針對不同族群，設計多元且優於法令規定之給假方案，以利員工於工作之餘，得以兼顧各式之需要，如：特別休假、安胎及育兒假、志工假等。幸福成家開發專屬未婚員工的交友網站-『男女拉拉對』，同仁可加入網站會員，與其他會員互動，並可參加定期舉辦的未婚聯誼活動，讓單身同仁有更多管道結交朋友，促成良緣。幸福安家關懷女性同仁哺育母乳的需求，特於各院區設置母愛室。為了讓同仁子女得到妥善照顧，設有托嬰中心、幼兒園、及附設安親班。每年舉辦院慶、運動會暨家庭日以及藝文及親子活動，邀同仁與家人共同參與。悠活館設有室內溫水游泳池、水療池、蒸氣室、烤箱、兒童池、健身房、羽球場、網球場、桌撞球桌、韻律教室等，讓員工鍛練體魄、紓發壓力、促進健康。工研餐廳提供全方位餐點服務，聘有專業之營養師，提供色香味俱全的美食外，更針對食的安全與健康予以嚴格的把關與守護。「工研人好健康」促進網絡除了設置醫務室，由醫師排班駐診，給予員工最便利及時的醫療診治，我們更提供不分年齡層每年一次的免費健康檢查、建構全方位照護網－「工研人好健康」，依健康分級給予不同的健康促進方案，達到提昇個人健康善的循環。心理諮詢室 建置溫馨舒適的諮詢環境，由專業心理諮詢顧問提供員工關於身心靈各類問題之免費諮詢與協談。更多工作資訊請參考：https://www.104.com.tw/job/7bwqm"
AI程式設計工程師,方象國際有限公司,"【工作內容】/1. 熟image processing、computer vision2. 熱愛影像研發工作者3. 本科系為佳。無相關學歷，但具備熟練影像程式開發技巧亦可。4. 對影音串流有基本的認識5. 熟程式設計：C#，會 C/C++尤佳。。6. 接觸過 openCV,ffmpeg 尤佳。",軟體設計工程師,"月薪35,000元以上",全職,台北市大同區,不需負擔管理責任,無需出差外派,日班,週休二日,一個月內,2~3人【相關條件】/,"上班族,應屆畢業生,夜間就讀中,原住民",不拘,專科、大學、碩士- 公司產業：電腦軟體服務業,不拘,不拘,"C++,Python","軟體程式設計【其他條件】/【公司福利】/- 福利制度：◆ 獎金/禮品類        1.年終獎金        2.三節禮金        3.另設有冰箱,微波爐可供員工使用      ◆ 保險類	1.勞保	2.健保◆ 請 / 休假制度	1.週休二日	2.特休/年假更多工作資訊請參考：https://www.104.com.tw/job/7fllt",無
視覺算法開發工程師,英屬維京群島商視芯智能股份有限公司台灣分公司,"【工作內容】/1.	2D/3D視覺相關及AI 物體識別等相關演算法2.	與ASIC 工程師共同開發算法相關IP","軟體設計工程師,演算法開發工程師",待遇面議,全職,新竹縣竹北市,不需負擔管理責任,無需出差外派,日班，9:00~18:00,週休二日,一個月內,1人【相關條件】/,上班族,1年以上,大學、碩士- 公司產業：IC設計相關業,"電機電子工程相關,資訊工程相關,數理統計相關",英文--聽 /中等、說 /中等、讀 /中等、寫 /中等,不拘,不拘【其他條件】/,"1.	熟悉computer vision 算法 (OpenCV/Matlab)2.	具備以下條件者優先錄取    a.	Linux -based work frame    b.	熟悉Firmware design flow【公司福利】/- 福利制度：◎薪資制度：  ＞具有競爭力的薪資水準  ＞年終獎金  ＞員工分紅  ＞年度調薪  ＞推薦獎金  ＞職能獎金  ＞端午／中秋獎金◎員工保險：  ＞勞保  ＞健保  ＞勞工退休金提撥◎其他福利：  ＞優於勞基法休假制度  ＞年度體檢補助  ＞新人到職前免費健康檢查  ＞全天的零食補給  ＞員工停車費用補助  ＞慶生會  ＞誤餐費補助更多工作資訊請參考：https://www.104.com.tw/job/7dlz7"
python工程師,普匯金融科技股份有限公司,【工作內容】/inFlux 普匯金融科技是一家利用科技去輔助並提供金融服務的公司，以普惠金融為志業，希望落實傳統銀行無法提供的金融服務。「金融專業」為核心，「高端科技」為輔具，提供「最有溫度」的社群服務，拉近人與人的距離，讓金融年輕化。目前公司獲得金控集團投資及多家銀行合作，是未來的AI金融科技獨角獸，後端工程師除了能開發最真實的金融服務系統，更有機會走在台灣金融科技的前緣，工作內容為開發 Python 相關子系統，如爬蟲、自動化系統等。希望你加入我們一起成長，用專業的技術一起為台灣金融科技產業貢獻。【工作內容】1.Python 監控與維運系統開發2.Python 相關子系統維運3.採用 Flask 進行開發 RESTful API4.技術文件撰寫5.串接第三方的 API/SDK【需備條件】1.具有 Git 版本控制相關知識2.熟悉 Linux 操作環境及相關指令3.良好溝通能力，團隊配合度高4.Python 與 Flask 開發能力【加分條件】1.熟悉關聯式資料庫設計 (MySQL等)2.使用 MongoDB 進行開發的實務經驗3.微服務 (Microservices) 開發實務經驗4.熟悉相關設計模式 (Design Pattern)5.有串接第三方的 API/SDK 實務經驗6.有金融相關背景知識【福利制度】｜基本款｜*勞保、健保、勞退等基本規範*每人有舒適的工作環境*完善業務獎金制度｜特別款｜*三節都會有禮品*員工的生日慶祝！每月會對壽星舉辦慶生*不只是寫寫程式，讓你工作之餘能涉獵金融科技相關的專業知識*多家銀行與企業的合作，讓你能有外面不會接觸到的學習機會*有點累了？公司提供免費咖啡讓你提神*每月補充的零食櫃，讓你解解肚子餓及嘴饞的煩惱*每個月的小確幸，科技部門聚餐吃飯*每年健康檢查，照顧每位員工的身體狀況*工程師通過試用期即配備 MacBook Pro 及 24 吋大螢幕，讓你擁有好的開發體驗,"軟體設計工程師,Internet程式設計師,軟體專案主管",待遇面議,全職,台北市中山區,不需負擔管理責任,無需出差外派,日班,依公司規定,不限,1~3人【相關條件】/,"上班族,應屆畢業生",1年以上,專科以上- 公司產業：電腦軟體服務業,不拘,不拘,"PHP,Python,MySQL","不拘【其他條件】/【公司福利】/- 福利制度：【基本款】*勞保、健保、勞退、特休等基本規範*每人有舒適的工作環境*完善業務獎金制度【特別款】*三節都會有禮品*員工的生日慶祝！每月會對壽星舉辦慶生*讓你工作之餘涉獵AI金融科技相關專業知識*金融銀行、企業爭相合作公司*讓你擁有最夯最獨家的學習機會*有點累了？公司提供免費咖啡讓你提神*每月補充的零食櫃，讓你解解肚子餓及嘴饞的煩惱*每月的小確幸，部門聚餐吃飯/慶生*每年健康檢查，照顧員工身心*配備公用個人電腦，讓你擁有最好的工具員工認股,年終獎金,三節獎金/禮品,特殊節日獎金禮品,零食櫃,部門聚餐,慶生會,員工貸款更多工作資訊請參考：https://www.104.com.tw/job/7ark5",無
F503-AI工程師(台中),大同世界科技股份有限公司,【工作內容】/▶ JD工作說明1.面對問題能審慎應對，進行資料分析，確實掌握客戶問題痛點，提出合適的解決方案2.瞭解客戶的需求，在指導下能產出系統規格資料3.能運用並結合許多不同的工具，完成符合客戶需求的服務4.能運用不同的程式語言做整合應用，開發軟體5.能針對公司內部多元需求，提供適合的解決方案或建議，並能分享與傳授軟體開發整合性知識 ▶JS具備技能1. 1年以上系統開發經驗 2. 程式設計開發，ASP.NET C# Python3. 熟悉SQL語法需具備網頁開發相關技術，Ajax、Java Script、CSS等 4. 具備Object-relational mapping，LINQ、ADO.NET Entity Framework尤佳 5. 熟悉任一AI框架尤佳（如：Tensorflow、Keras、Caffe等） 6. 具有機器學習、深度學習、影像辨識研究背景尤佳,軟體設計工程師,"月薪36,000~48,000元",全職,台中市南屯區,不需負擔管理責任,無需出差外派,日班,週休二日,一個月內,1人【相關條件】/,上班族,1年以上,大學、碩士- 公司產業：電腦系統整合服務業,不拘,不拘,"ASP.NET,C#,Python",不拘【其他條件】/,"能夠說話的是你的態度， 讓你風光的是你的能力 不管你是威風凜凜的戰將，還是初生犢不畏虎的少將 加入大世科，讓我們從大型專案中一同創造傳奇與累積實戰經驗 優先面試經濟部工業局DIGI⁺ Talent計畫之結訓研習生(AI)【公司福利】/- 福利制度：在大世科，我們相信組織競爭力源自差異化，差異化源自員工，員工競爭力源自職能，而職能提升來自於學習。藉由豐富學習環境，營造""理論""與""實務""相結合的學習環境，讓員工充份利用公司資源，達到自我學習成長之目的。公司提供良好的培育及職務體系，結合專業職與管理職的雙軌晉升系統，讓員工能在本身的專長、能力及職涯上獲得最大的發展空間，產生高績效獲得高報酬，一起創造公司的高績效與競爭力。【獎金福利】 *固定薪資12個月(MBS含底薪、職務加給、伙食津貼) *年終獎金、(每月/每季)績效獎金，盈餘分紅等，視各單位與個人績效表現發放*三節、生日禮金(禮品)*勞工保險、全民健康保險、新制勞工退休金*關鍵證照獎金*推薦新進同仁獎金*續勤獎金【健康措施】 *免費健身房供下班時間使用*有專業護理師與健康中心，提供即時健康諮詢與協助*專業醫師定期到公司駐診*備有哺乳室、血壓機、體重體脂計、AED*年度員工健康檢查 *健康促進講座*員工團體保險(壽險、傷害醫療險、癌症險)【幸福職場】 *彈性上、下班時間制度 *免費機車停車場供同仁申請 *免費咖啡與零食*員工國內外旅遊活動 *員工眷屬家庭日*各類社團活動 *員工餐廳*員工平價福利社【補助福利】 *結婚、生育、托兒、子女教育、員工及眷屬喪葬補助*教育訓練、在職進修補助 *大同大學推廣教育中心自修課程補助*每周兩次特約舒壓按摩*集團產品優惠價 *員工持股委員會購股補助*大同集團各類特約商店享員工優惠折扣 *員工旅遊補助 *社團經費補助 *讀書會經費補助(公司保留優化上述福利之權利，實際福利將依任用類型與辦公地點些微調整。)**專案約聘同仁因不需繳交福利金，因此適用部分福利**社團活動,家庭日,員工停車位,特約商店,結婚禮金,生育津貼,員工進修補助,子女教育獎助學金,三節獎金/禮品,專業證照獎金,零食櫃,咖啡吧,健身器材,員工舒壓按摩更多工作資訊請參考：https://www.104.com.tw/job/6g7f8"
前端工程師 Frontend Engineer,聚典資訊股份有限公司,【工作內容】/前端工程師 Frontend Engineer  【注意事項】：請至 https://www.104.com.tw/company/1a2x6bl0ew 投遞履歷，我們會以這邊收到的履歷為主。【工作內容】作為 Ret[AI]ling Data的工程師，你將投入 Ret[AI]ling Data 的核心產品開發，與其他工程、設計團隊、產品經理等夥伴們密切討論、規劃，共同打造最棒的零售AI數據系統。除核心產品之外，前端工程師會支援不同的專案，配合市場方向、產品策略、使用者回饋，與行銷和內容團隊密切合作，共同為團隊最大化 Ret[AI]ling Data的產品價值。【工作目標】☆  基於Front end Framework之上，與團隊共同設計、開發、維護系統功能☆  共同參與產品方向討論，一起打造最棒的產品☆  持續對規劃、討論、開發、驗證的協作流程提出建議☆  建立並串聯數據與服務API☆  解決各種瀏覽器/尺寸相容問題☆  協助編寫和技術開發相關文件【必要條件】☆  具備開發經驗。☆  HTML/CSS/JavaScript (框架: React/Vue)。☆  熟悉RWD☆  API 設計及實作☆  具備積極的心態，能快速適應各種變動，並勇於面對各種未知的挑戰。☆  具備解決問題的能力，創造性思考並超越標準化模板的能力。,"軟體設計工程師,Internet程式設計師,網頁設計師",待遇面議,全職,台北市南港區,不需負擔管理責任,無需出差外派,日班,依公司規定,不限,1~3人【相關條件】/,"上班族,應屆畢業生",不拘,大學、碩士- 公司產業：電腦軟體服務業,不拘,英文--聽 /中等、說 /中等、讀 /中等、寫 /中等,"HTML,JavaScript,CSS","軟體程式設計,網路程式設計,使用者介面設計,網頁語法撰寫【其他條件】/【公司福利】/- 福利制度：※【福利制度】◆勞保，健保，勞退基本保障勞保，健保，勞退三合㇐◆薪資及獎金依照公司營運狀況與個人績效獲取額外薪資紅利◆活力補給輕鬆小點心，時食都開心◆全人式補助進修補助/差旅補助/專業證照/部門聚餐/入伍禮金／結婚禮金◆南軟2期園區內福利設施醫務室(H棟2樓)/運動中心(H棟1樓外圍玻璃屋)/桌球室(F棟1樓休閒區) 員工紅利,員工配股,員工認股,入股分紅,年終獎金,三節獎金/禮品,特殊節日獎金禮品,專業證照獎金,零食櫃,咖啡吧,健身器材,醫務室,結婚禮金,員工進修補助,員工教育獎助學金,部門聚餐,慶生會,家庭日,員工優惠,內部講師鐘點費,下午茶,健身房,電影觀賞,優於勞基法特休更多工作資訊請參考：https://www.104.com.tw/job/74ph9",無
電腦視覺/影像處理/AI人工智慧演算法工程師 Computer Vision/Image Process Algorithm Developer,智見科技股份有限公司,"【工作內容】/智見科技股份有限公司 (http://nuphoto.com.tw) 目前為全台最大的照片沖洗APP公司，主要提供方便製作 [照片個人化商品] 之平台服務，於2012年底成立, 目前正在開發全球性的影像軟體服務, 歡迎對 APP 開發 有熱忱的您加入。 公司創辦人之前為廣達/聯發科 10幾年影像開發經驗技術經理, 對影像技術/電腦視覺/市場開發行銷有優良的經驗和成果, 期待對APP和Web開發有興趣的人才加入,為自己和台灣軟體產品衝出一片新天地. 工作內容 - 開發AI 去背景/人臉偵測/人臉特徵點偵測演算法- 開發AI人臉相關的修圖/變形/優化演算法   - 開發AI照片品質提升演算法   - 導入實際手機APP程式- APP和Server的溝通協定 工作條件 - 資訊電腦相關科系 有做過相關電腦視覺研究- 符合下列工作準則 - 對新創 APP 軟體開發設計 有熱情 - 做事負責，細心，能與團隊溝通合作 - 如有以前的軟體作品 可以先附上. 如App 網站 程式 GitHub 面試機會更高 **技術人員準則： 好的軟體工程師在計畫的時間，開發出穩定的軟體，並降低未來維護的成本。 兼具Time-To-Market 和穩定性。 好的軟體工程師答應的Schedule，沒有合理的理由，決不延遲，有問題會提早提出討 論，像是Spec或是介面定義不清，在開發時，就可以儘早提出討論。 好的軟體工程師在Google上找到的英文解答/小程序/文件，可以迅速正確地理解，並正確用到專案中。對於不懂的語法/元件/框架可以嚴格地驗證，而不誤用。 好的軟體工程師遞交成果時，已經有自行測試過，遞交品質優良的軟體。 好的軟體工程師主動分享新的技術，用以推出更好的產品/介面/體驗。 **員工共同準則 好的員工注重團隊合作，盡力完成他人交辦的事務，以提升團隊效能。 好的員工注重溝通，多談話勝過文字交談，避免溝通有誤。 好的員工自我要求工作表現和效率，努力讓自己持續進步。 好的員工不僅是要做完工作，也要做好工作。 好的員工有Job Owner的概念，Owner如果是自己，就會全盤確認進度和問題，以做 好工作。 好的員工注重Schedule，並會訂好遞交時間，避免延誤團隊的工作時程。 好的員工會主動和上司討論好接下來一個月的工作內容，避免空窗。 好的員工因應公司商業模式或是營業項目的改變，會調整自己的心態和學習新的技 能。 我們是網路軟體公司，只是剛好做到客製化商品電商這個項目，未來還有可能變化。 工作時間&amp;地點 - 新竹市 關新公園附近 - 星期一~星期五 早上9:00~下午6:00 公司福利 - 可和一流人才相互交流 - 具競爭力的薪資 - 滿一年, 保障2個月年終獎金 應徵方式 - 請先寄 履歷自傳 &amp; 相關工作經驗 至 bruce@nuphoto.com.tw - 適任者會以電話通知面試  ","軟體設計工程師,Internet程式設計師,網路管理工程師","月薪40,000~100,000元",全職,新竹市,不需負擔管理責任,無需出差外派,日班,週休二日,不限,1~2人【相關條件】/,"上班族,應屆畢業生",不拘,大學以上- 公司產業：多媒體相關業,不拘,不拘,不拘,軟體工程系統開發【其他條件】/,"電腦視覺/影像處理演算法開發工程師/ Computer Vision/Image Processing Algorithm Developer【公司福利】/- 福利制度：1.保障1個月年終獎金2.週休二日，且彈性工時3.可免費製作公司產品(例如沖洗照片, 製作相本書, 無框畫, 上限一年5千)4.依績效給予分紅獎金5.全面使用Mac電腦，並提供雙螢幕，增進工作效率安全舒適的工作環境◎保全人員駐守，強化門禁管理。◎開放式辦公空間，讓彼此溝通零距離。◎辦公室全面禁菸，辦公大樓14樓，空間舒適，採光空氣流通佳，工作更有效率。完善的教育訓練◎提供完整的新進同仁導師制度，溝通學習有專人帶領。◎充分內部技術分享和討論，除了自己的工作還可以了解相關同仁技術。更多工作資訊請參考：https://www.104.com.tw/job/6zxn4"
ASP.NET助理工程師 / ASP.NET工程師,風行天股份有限公司,【工作內容】/風行天是FINTECH與AI的領導公司，是一個年輕有活力的團隊，在業界享譽卓著。我們歡迎有熱情有能力的ASP.NET工程師加入我們。我們開發、設計平台與產品，提供企業在業務外勤上的管理工具提升效率，也提供獨特的匯兌風險管理平台，協助企業管理風險。所以您在這裡除了可以貢獻所學，還能借由互相學習提昇自我。具積極進取跟願意接受挑戰就是我們需要的人才！工作內容：1. 開發環境 : ASP .Net Core 22. 前端開發 : Angular6、Inoic3. 前後端介接 : GraphQL、WebAPI4. 資料庫 : Entity Framework、MS-SQL5. 與行動裝置應用技術結合,"軟體設計工程師,Internet程式設計師,網頁設計師","月薪30,000~70,000元",全職,台北市中山區,不需負擔管理責任,無需出差外派,日班，上班時間09:00~18:30 (午休12:00~13:30),週休二日,不限,不限【相關條件】/,"上班族,應屆畢業生",2年以上,大學以上- 公司產業：其它軟體及網路相關業,"資訊管理相關,資訊工程相關",不拘,不拘,不拘【其他條件】/,加分條件 :1. 具備工作熱誠與良好的研究精神2. 具備一年(含)以上程式開發維護工作經驗3. 具備 SPA 架構開發經驗4. 熟悉MSSQL資料庫工具操作5. 了解WebService及WebAPI概念6. 了解RESTful軟體架構觀念7. 具備 CSS 微調能力8. 具財務系統建置、維護經驗【公司福利】/- 福利制度：我們贊成員工「work hard and play hard」，也認同愉快的上班場所需要每一位員工一起來創造。因此風行天提供以下福利，希望能營造一個「work and life balance」的快樂工作環境：【法定義務】 ● 勞保 ● 健保 ● 6%勞退【獎金】 ● 年終獎金(依公司營運狀況及個人績效核發) ● 業務、PM及工程團隊績效獎金；業務另享季獎金及年獎金(皆按公司獲利程度與職務類別、個人績效核發)【休閒】 ● 每季一次的慶生下午茶會 ● 每年一次的尾牙 ● 不定期的主管outing、公司聚餐及下午茶 ● 專屬零食區【完善制度】 ● 良好的教育訓練 ● 透明的升遷管道 ● 順暢的團隊溝通 ● 人性化的經營理念【請 / 休假福利】 ● 週休二日 ● 優於勞基法：正職人員第一年即享有7天按比例特休假、1天生日假、2天健身購物假、以及不定期的2小時Early Home。更多工作資訊請參考：https://www.104.com.tw/job/5j904
AI應用軟體工程師_10511,和碩集團_和碩聯合科技股份有限公司,【工作內容】/Responsibilities:* Understanding business objectives of customers and eliciting requirements* Formulating real world problems into corresponding solvable abstract representations* Evaluating edge design that are feasible to deal with a given problem* Developing and deploying intelligent edge product / machine learning into production* Integrating intelligent edge automation / machine vision systems* Tracking product performance in the field and driving continual performance improvements,"軟體設計工程師,韌體設計工程師","月薪30,000~50,000元",全職,台北市北投區,不需負擔管理責任,無需出差外派,日班，09:00~18:00,依公司規定,不限,2人【相關條件】/,"上班族,應屆畢業生",2年以上,碩士- 公司產業：電腦及其週邊設備製造業,"資訊工程相關,企業管理相關,電機電子工程相關",英文--聽 /中等、說 /中等、讀 /中等、寫 /中等,Python,不拘【其他條件】/,"科系： 資訊工程、資訊管理、電機工程Minimum Qualifications:* MS of Computer Science, Computer Engineering, Electrical Engineering or relatedfields* Programming experience with python, C/C++ for windows / ubuntu system* Software development experience from planning, designing, implementation, testing, deployment* Strong coding ability – you must be able to write clean, modular, efficient codePreferred qualifications:* Machine learning development experience in computer vision (classification、object detection、segmentation)、reinforcement learning or related area* Experience in agile methodologies, test driven development and CI/CD flow* Initiative and willing to learn continuously* Data driven and analytical thinking* Ability to work in a team【公司福利】/- 福利制度：1.勞保、健保、團保2.和碩員購網3.員工分紅、三節獎金、績效獎金、專利獎金、模範員工獎金4.文康券、員工暨子女獎助學金、生日禮券、婚喪喜慶禮金補助、餐飲補助5.不定期文康活動、和碩家庭日6.年度員工健康檢查、哺乳室、員工醫務室、醫生駐診7.五星級休閒中心( 含綜合球場、健身房、游泳池、SPA 等各項休閒措施)、員工餐廳更多工作資訊請參考：https://www.104.com.tw/job/7dmw6"
AI 演算法開發工程師,華捷智能股份有限公司,【工作內容】/AI演算法工程師工作內容如下：1. 負責人工智慧學習演算法開發包含：• 規劃演算法架構• 演算法實作及驗證• 進行演算法精確度及效能分析2. 了解客戶需求、解決產品上挑戰性的問題疊代式調整演算法以達成客戶需求條件要求：至少熟悉Caffe、Pytorch、Tensorflow中其中一種架構。熟悉機器學習、具深度學習應用開發，具有應用深度學習於影像及視訊的處理經驗。具基礎數學知識如線性代數、機率、微積分、最佳化，能快速掌握新論文技術及實作能力加分項目：1. 在AI/CV等領域頂尖會議有相關發表2. 具有深度學習應用於視訊的經驗，如：物件追蹤 (Object tracking)3. 具有深度學習應用於人體姿態或行為分析，如：• 多人多角度姿態估測 (Multi-view multi-person pose estimation)• 時空動作檢測 (Spatio-temporal action localization)• 人物互動分析 (Human-object interaction detection)4. 具嵌入式平台運行推論經驗者尤佳,"軟體設計工程師,電玩程式設計師,其他資訊專業人員",待遇面議,全職,台北市內湖區,不需負擔管理責任,無需出差外派,日班,依公司規定,不限,1~2人【相關條件】/,"上班族,應屆畢業生",不拘,大學以上- 公司產業：電腦軟體服務業,不拘,英文--聽 /精通、說 /精通、讀 /精通、寫 /精通,不拘,"不拘【其他條件】/【公司福利】/- 福利制度：正職人員福利   【優於勞基法假勤制度】◆ 周休二日，彈性上下班◆ 員工到職後滿三個月就可享有特休假◆ 一年12天全薪病假    【保險與健康】◆ 依法投保勞保、健保及按月提繳員工退休金◆ 定期健康檢查   【獎金禮品】◆ 年終獎金◆ 生日、三節禮金/禮品   【工作與生活平衡】◆ 年終尾牙活動◆ 不定期聚餐及旅遊◆ 籃球/高爾夫/羽球/愛心社社團活動    【優質工作環境】◆ 全新辦公設備◆ 開放式辦公空間◆ 無限量享用零食、咖啡、飲料    【人才發展與自我成長】◆ 公司內部、外部多元領域訓練課程不扣薪病假,優於勞基法特休,國內旅遊,國外旅遊,部門聚餐,社團活動,年終獎金,三節獎金/禮品,特殊節日獎金禮品更多工作資訊請參考：https://www.104.com.tw/job/6s1km",無
【茂林光電  轉職優質首選】電腦視覺AI工程師(新增),茂林光電科技股份有限公司,【工作內容】/1.電腦視覺技術應用與開發2.深度學習相關演算法開發及最佳化3.部署及維護深度學習開發環境4.部署及維護深度學習執行環境5.深度學習模型開發、訓練、導入及維護,"電機技師／工程師,自動控制工程師,機械工程師",待遇面議,全職,桃園市中壢區,不需負擔管理責任,需出差，一年累積時間約一個月以下,日班,週休二日,兩週內,1~2人【相關條件】/,"上班族,應屆畢業生",不拘,大學、碩士- 公司產業：光電產業,不拘,英文--聽 /中等、說 /中等、讀 /中等、寫 /中等,"C++,Python",不拘【其他條件】/,"1.熟悉各類深度學習模型概念 (CNN, RNN, LSTM等)2.具有 Linux 基本安裝、command line 操作能力尤佳3.相關技能短期訓練或台灣人工智慧學校校友尤佳【公司福利】/- 福利制度：●年終獎金：視個人工作績效評核    ●節日獎金：端午/中秋節獎金(每年視營運狀況及個人績效)●節日禮品：父/母親節禮品●享有勞健保、團保、勞退金提撥。●年資特休假、生理假、陪產假、家庭照顧假等。●旅遊補助及各項福利措施。●駐廠醫生諮詢服務及員工健康檢查。●零食櫃、每月慶生會及下午茶、聖誕Party  ●廠內設有員工機車停車場。●員工健身房      ●廠內附有按摩服務。年終獎金,三節獎金/禮品,特殊節日獎金禮品,員工宿舍,員工餐廳,零食櫃,咖啡吧,員工舒壓按摩,醫務室,社團補助,旅遊補助,部門聚餐,慶生會,社團活動,特約商店,免費下午茶,健身房更多工作資訊請參考：https://www.104.com.tw/job/75nbv"
R0002445: 【校園徵才】Cloud Engineer 雲端工程師 ,Trend Micro_趨勢科技股份有限公司,"【工作內容】/你是否見識過一秒鐘幾百萬上下的資料量，並了解如此海量資料是如何快速地、有效地，而且穩定地被評比及處理？你是否知道如何僅憑你一己之力，在彈指須臾之間，就能打造出一整座雲端資料中心？你是否嘗試過『一鍵式佈署』，就在你敲下按鍵的同時，你的解決方案就可以全自動地、快速地佈署到全世界所有的雲端資料中心？你是否了解高資訊流量的處理過程中，該如何確保軟體服務的高可用性（High Availability）與高擴展性（High scalability）？你是否清楚如何避免自己所建構的網站被攻破，並了解各種常見的駭客手法以及對應之道？如果你擁有下列這些特質：自認擁有百年難得一見的雲端開發資質；相信自己只要遇到名師就可以開啟無窮潛能；覺得自己天生反骨、討厭照本宣科，追求自由創造；相信自己是個潛能一旦開發，就連自己看了也會害怕的不世出奇才；覺得自己俠骨柔情，以天下蒼生為己念，誓要維護網路數位安全。那麼，請趕快加入趨勢科技的行列，放眼國際，徜徉雲端，一同學習雲端服務自動化部署及大數據資料後端平台開發，保護全球數千萬的網路使用者！職務內容：1. 全程參與專案從規畫、設計開發、測試、佈署到維運2. 自動化及優化開發及部署流程3. 熱情學習，每天為變身成為全方位雲端工程師注入養份資格：1. 熟悉至少一項程式語言: Java, Python, C++, Go, ...etc2. 具Linux platform操作基礎3. 應用過Public Cloud Service(AWS/GCP/Azure)的經驗大大加分特質：1. 天然神隊友，看到問題就想解2. 積極主動3. 活著就是為了接受挑戰4. 學得快","軟體設計工程師,Internet程式設計師",待遇面議,全職,台北市大安區,不需負擔管理責任,無需出差外派,日班,週休二日,不限,不限【相關條件】/,"應屆畢業生,日間就讀中",不拘,大學以上- 公司產業：電腦軟體服務業,"數學及電算機科學學科類,資訊管理相關,電機電子工程相關",英文--聽 /中等、說 /中等、讀 /中等、寫 /中等,"Linux,Windows Server 2008,Android,iOS,ASP.NET,C,C#,C++,Java,PHP,Python",不拘【其他條件】/," 【公司福利】/- 福利制度：趨勢科技提供舒適的硬體環境與創意活力的工作氛圍，鼓勵同仁勇於嘗試、勇於創新，「做自己，做最精采的自己!」，是一位天才工程師，也是生活玩咖! [工作悠活] 依據職務需求，提供完整的技術課與多樣的軟性課程，強調「硬底子+軟實力」，能讓天才工程師們如虎添翼，悠游於技術的精進、開發人文心靈潛能，持續學習與成長，享受工作中有生活。*優於法令的休假制度與彈性工作環境- 第一年7或10天特別休假- 每年全薪病假 12 天- 每年7天彈性休假- 上下班不打卡  *豐沛的學習主題 - Trend University提供各類專業技能的課程與講座座 - 每年多達100場以上的技術與軟性技能的自主學習Study Group - 不定期技術競賽活動(AI Contest, Product Hack等) - 國內外最新技術研討會 - 多樣性軟性議題課程 * 多元的職涯發展管道 - 定期提供海、內外最新職缺資訊，舉辦內部工作說明會，鼓勵同仁職務輪調及海外職務申請調任，增進不同技術領域的涉獵與成長。 - 多軌制的晉升與發展，我們鼓勵同仁朝自己最熱情與擅長的領域鑽研與發展，例如以深植的技術底子轉往管理職或產品經理等業務職發展。 [健康快活] 健康是幸福職場的入場券，為同仁的身、心靈健康把關! * 身體的健康 - 社團玩咖: 高達40多種的活躍社團，有十多種球類及運動社團、有搖滾魂的熱音、熱舞社，上山下海的登山及潛水社、還有動漫社、志工社等，每週定期舉辦活動，讓各類玩咖揮灑自我，盡情解放運動魂- 各類Team Building活動，建立同仁間的情感，凝聚部門向心力 - 成立福委會，量身打造趨勢人專屬福利，範圍涵蓋食衣住行育樂，讓趨勢人的生活福利也升級- 按摩服務以及每年定期與各大醫療院所&amp;五星級健檢中心合作，提供員工免費的身體健康檢查、以及每月免費醫師駐點服務* 心靈的健康 - 由趨勢講堂及福委會舉辦各類講座，科技人的人文素養，滋養同仁心靈  [家庭樂活] 家人的支持與家庭關係是同仁快樂工作的基石 * 每年最高一萬元員工旅遊補助 * 運動會、家庭日! * 小小趨勢人新生兒賀禮 * 設置「Dinner for 2」與「Fun for 2」獎項，讓同仁與家人一起分享榮耀與感謝員工配股,年終獎金,三節獎金/禮品,特殊節日獎金禮品,結婚禮金,社團補助,旅遊補助,特約商店,優於勞基法特休,員工團體保險更多工作資訊請參考：https://www.104.com.tw/job/7ewnn"
影像 整合處理/AI分析 應用工程師,杰悉科技股份有限公司,【工作內容】/我們是杰悉科技股份有限公司(NADI SYSTEM Corp)，致力於3D監控系統的開發及整合，目前欲發展AI影像辨識監控平台，希望有前端、後端、AI、IOT相關經歷的夥伴加入我們的行列。我們正在積極尋找具有熱情的軟體工程師，我們提供學習的時間及發揮的空間，讓您一展長才。我們在中國、新加坡、馬來西亞、泰國及美國等地都進行過專案，您將有機會參與海外專案的開發並且有出差的機會！NADI SYSTEM 是一個成長中的新創公司，來自於各個具有根基不同產業的核心人員組成，有屬於自己的文化及技術能量，因此，我們希望找到具有創新性、積極度、溝通力 三者兼具的人來做為伙伴，當然有能力也可以又自命不凡，不過我們重視的是團隊而非個人，所以也沒有單兵作戰及超級英雄人物的事在這裡發生。對於每一位被我們徵選的新伙伴，我們會提供1~3個月的機會希望來證明您的能力，而順利的進入第3個月正式成員；非常希望有實力的您加入，在互相給彼此機會與成長的狀態下，享受公司獲利所帶來的成果。公司福利基於法定勞基法之上，該有的都有且優於，若您覺得還不足，也歡迎靠自己實力與付出爭取。PS. NADI 整體團隊，因每一位伙伴的技能差異因此不同開發組別，並以利潤中心制度為基礎，沒有大鍋菜的均食概念，提供每一組team 資源與協助建立生存競爭力，享有因付出而獲得反饋的利潤。,"軟體設計工程師,Internet程式設計師,通訊軟體工程師",待遇面議,全職,台北市中山區,不需負擔管理責任,無需出差外派,日班,依公司規定,不限,1~2人【相關條件】/,"上班族,應屆畢業生,夜間就讀中,外籍人士,原住民,二度就業歡迎肢體障礙(下肢)的身心障礙人士，需附身心障礙證明",不拘,專科以上- 公司產業：數位內容產業,不拘,不拘,不拘,不拘【其他條件】/,"*******影像整合處理項目*******1.	對於程式編寫及開發有著魔般的興趣，具備高度興趣及熱忱。2.	熟悉C/C++/Python/Java/JavaScript3.	對於 RTSP / H.264 / H.265 串流應用、開發、整合有經驗 4.	對於影像壓縮(H.264, HEVC, VP9, VP10)訊號處理與編碼技術有開發經驗。 5.	具有NVR模組功能經驗，可獨立client端player開發6.	具有CMS與NVR多媒體傳輸與儲存控制，及其Client端影像同步控制撥放調閱等經驗7.	對於ffmpeg 影像編解碼有經驗8.	對於NVR與VMS(CMS)整體系統架構規劃有經驗*******影像AI分析項目*******1.	熟悉OpenCV函式庫應用2.	對於 RAW data to RGB 演算法有經驗3.	具備 IVA 相關知識與經驗，包括使用ML, DL  演算機制進行影像處理4.	具備AI視覺測試與維護修正(Halcon、VIDI 、Yolo)經驗5.	對於Ubuntu環境熟悉，使用CNN、RNN、self-Attention 等模型有經驗*******加分項目*******1.	熟或懂 OpenGL / WebGL 2.	具有NVR、VMS等開發經驗3.	對於影像2D to 3D 具有開發經驗4.	對3D函數計算及Matlab 應用具有開發經驗5.	具影像演算法基礎和經驗，如ToF應用，3DVR應用開發，影像縫合以及特徵偵測與辨識 , 車道偏離偵測6.	對AJAX 後端資料串接 及 jQuery 熟悉7.	對於自動控制協定至少一種(Modbus / OPC / BACNet / CANBus / MQTT) 8.	有APP開發以及整合其他裝置或系統開發應用經驗9.	具有SaaS架構服務、規劃、設計等經驗【公司福利】/- 福利制度：1. 利潤中心架構，不論專案或產品，每一位都能因為付出而有所得。2. 彈性的時間與自律的工作方式，近端或遠端方式。3. 依據勞基標準以上，並鼓勵及支持參與專業課程。4. 每週有半日的分享課程或交流。更多工作資訊請參考：https://www.104.com.tw/job/6da63"
軟體工程師,鈺立微電子股份有限公司,【工作內容】/Join Us!我們正在尋找＂喜歡寫程式、邏輯能力強＂，並且有豐富熱情的你！工作經驗不拘，只要帶著一股學習並且不怕挫敗的勇氣，我們有技術高超又溫柔的工程師手把手帶您一同闖關！ 若是無相關經驗，但仍對於影像、上層與底層軟體開發有興趣和潛力，快快按下應徵按鈕，加入我們學習與創造的旅程吧！Our Mission:在R＆D軟體的工程團隊，我們是負責設計、開發、優化產品，並滿足客戶要求。我們必須依客戶要求，提供必要支持。我們與業務、IC、模組單位等團隊合作，幫助進行模組或系統鑑定，並排除產品應用故障和系統恢復的時間成本，維護產品最好的品質！What We Do:1.設計、開發、優化、維護軟體專案（2D/3D影像、機器人電腦視覺、AI）。 2.設計並實施不同角色且多面向的單元驗證。 3.能與內部溝通，了解及整理軟體需求。 Team Culture:透過專案管理手法與敏捷開發的工作模式，讓團隊中的每位成員在工作中建立成就感與工作價值，並一同參與個人及團隊的成長。GitHub參考：https://github.com/eYs3D/libeys3d,軟體設計工程師,待遇面議,全職,台北市內湖區,不需負擔管理責任,無需出差外派,日班,週休二日,不限,1~2人【相關條件】/,上班族,不拘,大學、碩士- 公司產業：IC設計相關業,資訊工程相關,不拘,不拘,不拘【其他條件】/,1.邏輯能力、解決問題能力2.熟悉C、C++等程式語言佳3.有開發測試工具經驗佳4.基本的影像處理知識【公司福利】/- 福利制度：※具競爭力之激勵制度：       1. 工作績效獎金及調薪       2. 資深員工金幣獎勵       3. 豐富的專利獎金 ※優於業界之休假出勤：         1. 彈性上下班        2. 彈休假 (優於勞基法)※保障員工健康之鈺守護：       1. 員工免費享有團體保險       2. 眷屬優惠保費及補助       3. 定期舉辦免費員工全身健康檢查。 ※優良工作環境：       1. 提供免費停車位       2. 提供團膳服務       3. 加班免費提供晚餐更多工作資訊請參考：https://www.104.com.tw/job/7d4au
Backend Engineer 後端工程師,英屬開曼群島商萬里雲互聯股份有限公司台灣分公司,"【工作內容】/CloudMile是一支年輕的創業團隊，也是亞洲領先的企業級人工智能，雲和安全技術解決方案提供商，為Google第一個獲得北亞基礎設施和機器學習專業知識的首要合作夥伴。本職缺徵求後端工程師，工作內容將與前端工程師、機器學習工程師和產品經理共同合作，建立乾淨、文件化且容易使用的API接口，並負責評估及優化已發布的服務性能、耐用性和安全性，打造受歡迎的專屬產品。我們相信，喜愛自己的工作是進步的最好方式，您傾注熱情在後端開發的專業上，我們提供您國際化的發展舞台。我們尊重每一位同仁的專業，也希望您樂於和同仁分享專業，重要的是：您可以對自己打造的產品感到驕傲！【工作內容】1. 依據專案與產品需求進行severless程式開發。2. 根據資料存取需求，撰寫 Restful API (Flask)。3. 為 AI 模型設計流程與架構規劃。【專業需求】1. 兩年以上的後端開發經驗，Python / Golang尤佳。2. 一年以上的雲端服務使用經驗，GCP尤佳。3. 熟悉 Git 版本控管，並具備 CI/CD 相關經驗。4. 熟悉RDBMS and NoSQL。5. 熟悉敏捷開發流程。【加分條件】1. 具備 Google Ads API 操作經驗。2. 具備撰寫 Airflow DAG 經驗。3. 具備一年以上 Kubernetes 實務開發經驗。4. 具備 Machine learning 基礎知識及 ML/AI 專案經驗5. 熟悉 Unit Test and 壓測6. 具備前端開發經驗，eg. HTML5, React","軟體設計工程師,資料庫管理人員,Internet程式設計師",待遇面議,全職,台北市信義區,不需負擔管理責任,無需出差外派,日班,依公司規定,不限,1~2人【相關條件】/,上班族,2年以上,專科、大學、碩士- 公司產業：電腦軟體服務業,不拘,不拘,"Python,Go","軟體程式設計【其他條件】/【公司福利】/- 福利制度：【福利】１．	三節及年終獎金。 ２．	表現優異員工可以享有公司配股，和公司一起成長。３．	提供免費員工全天候團體保險，做為員工安全的最強後盾。 ４．	每月部門聚餐額度，不只吃飽飽，更是大家凝聚的好時光。５．	每月一次公司Happy hour午餐聚會及慶生會，有趣的、好吃的、歡樂的一次滿足。６．	每周一次免費英語口說加強課程，英文老師到公司幫你上課。７．	到職滿一年提供額外一天生日假。８．	結婚、生育津貼，關心你在工作之外的生活。 【專業成長】１．	公司愛惜並培育一起努力的員工，提供專業課程補助、證照補助外，還有機會到海外受訓。２．	有機會和跨國團隊、多元專業背景的高手互相切磋，彼此激盪，快速成長。３．	多面向的升遷管道，只要你持續成長，公司培育你往更高的職涯邁進。【環境與設備】１．	第一天報到會有一台 MacBook 讓你使用，「工欲善其事，必先利其器」。２．	公司備有咖啡、各式飲料、零食，讓你工作時也能元氣滿滿。３．	公司位於捷運台北101/世貿站，步行約2分鐘，上班交通最方便。４．	台北市信義區設施齊全的商辦大樓，多間駐外使館、知名企業進駐。５．	挑高四米寬敞明亮的工作環境，高樓層大片窗景，台北市百萬夜景盡收眼底。 ６．	開放式工作環境，讓你和同仁可以自在交流。今年（2021）將招募更多優秀夥伴，歡迎對於自我成長有期待你的與我們面試聊聊！員工配股,年終獎金,三節獎金/禮品,專業證照獎金,生日假,結婚禮金,生育津貼,外語學習補助,部門聚餐,慶生會,員工團體保險更多工作資訊請參考：https://www.104.com.tw/job/6xipk",無
Web前端工程師,杰悉科技股份有限公司,【工作內容】/我們是杰悉科技股份有限公司(NADI SYSTEM Corp)，致力於3D監控系統的開發及整合，目前欲發展AI影像辨識監控平台，希望有前端、後端、AI、IOT相關經歷的夥伴加入我們的行列。我們正在積極尋找具有熱情的軟體工程師，我們提供學習的時間及發揮的空間，讓您一展長才。我們在中國、新加坡、馬來西亞、泰國及美國等地都進行過專案，您將有機會參與海外專案的開發並且有出差的機會！NADI SYSTEM 是一個成長中的新創公司，來自於各個具有根基不同產業的核心人員組成，有屬於自己的文化及技術能量，因此，我們希望找到具有創新性、積極度、溝通力 三者兼具的人來做為伙伴，當然有能力也可以又自命不凡，不過我們重視的是團隊而非個人，所以也沒有單兵作戰及超級英雄人物的事在這裡發生。對於每一位被我們徵選的新伙伴，我們會提供1~3個月的機會希望來證明您的能力，而順利的進入第3個月正式成員；非常希望有實力的您加入，在互相給彼此機會與成長的狀態下，享受公司獲利所帶來的成果。公司福利基於法定勞基法之上，該有的都有且優於，若您覺得還不足，也歡迎靠自己實力與付出爭取。PS. NADI 整體團隊，因每一位伙伴的技能差異因此不同開發組別，並以利潤中心制度為基礎，沒有大鍋菜的均食概念，提供每一組team 資源與協助建立生存競爭力，享有因付出而獲得反饋的利潤。,軟體設計工程師,待遇面議,全職,台北市中山區,不需負擔管理責任,無需出差外派,日班,依公司規定,不限,1~5人【相關條件】/,"上班族,應屆畢業生,外籍人士,原住民,二度就業",1年以上,專科以上- 公司產業：數位內容產業,不拘,不拘,"HTML,JavaScript,CSS","系統架構規劃,系統整合分析,軟體工程系統開發,資料庫軟體應用【其他條件】/","【工作內容】  1. 參與專案、產品的設計與開發  2. 開發Web前端頁面、Layout   3. 系統後端API開發、功能開發  4. 即時影像串接  5. 分析與報表工具  6. 維護既有系統  7. 全端偏前端，可有專精領域但不可劃定自限；以解決問題為導向【技能需求】  1. 熱愛coding，有學習新技術的熱情，並有自學能力。  2. 良好的邏輯思維及溝通能力。  3. 視程式碼品質及未來的可維護性。  4. 具備解決問題的獨立思考能力。  5. 熟悉 HTML、JavaScript、Node.js  6. 有API串接及開發經驗。  7. 熟悉 Vue.JS, Angular.JS, React.JS 其中一個框架。 #前端 #後端 #全端 #IOT #AI 歡迎追求小團隊敏捷行動，喜歡從無到有創建一套產品的你加入我們的行列。  【加分項目】   1. 有安全監控、智慧製造、自動化控制、GIS 等產業經驗。   2. 具備影像串流經驗。   3. 有Dashboard或報表系統開發經驗。   4. 使用過Tableau、Power BI。   5. 具有Web 3D開發經驗(EX: three.js, babylon.js, pixi.js etc.   6. 有  Unity or Unreal 等開發經驗或熟悉。   7. 具備WebGIS、Three.js等WebGL的函式庫。   8. 會MySQL資料庫建立與設計。   9. 具備對BIM的應用或開發。  10. 熟悉Python(or C++ or Golang)。  11. 對於網頁前後端開發及資料庫熟悉且具有經驗。   以上只要你覺得滿足七成，歡迎你投遞履歷。   面試時請攜帶過去做過的實績或作品於面談時展示。【公司福利】/- 福利制度：1. 利潤中心架構，不論專案或產品，每一位都能因為付出而有所得。2. 彈性的時間與自律的工作方式，近端或遠端方式。3. 依據勞基標準以上，並鼓勵及支持參與專業課程。4. 每週有半日的分享課程或交流。更多工作資訊請參考：https://www.104.com.tw/job/7c9fu"
全端工程師,曠世智能股份有限公司,【工作內容】/###  應徵請來信信件標題： 【應徵微股力-職稱】你的大名五頁投影片(以及其他加分資料)，將它寄到 [hr@scantrader.com]1. 你為什麼想加入微股力？2. 你的專長能帶給微股力什麼？3. 對你而言人生最重要的核心價值是什麼？4. 你覺得微股力哪裡可以做得更好？5. 簡單履歷###  全端工程師職務介紹微股力（ScanTrader.com）致力打造金融版的社交平台，讓用戶能夠在網站上滿足其「交流、學習、找標的、策略訊號、下單、投後管理」等需求，透過搭建在社交基礎上的「一站式」投資平台，提供完整服務給用戶。在互動與使用者體驗豐富需求趨勢之下，後端系統的穩定與資訊的正確性，透過網頁前端技術打造完美互動，都是平台發展關鍵要素。### 能力要求- 熟悉 NodeJS（Express / KOA）、Bootstrap（或其他前端框架）整合- 熟悉制定 API 準則、XSS / CSRF 等基本資安防護- 熟悉 Git、Bitbucket、Pull-Request 及 CI / CD 工作流程- 熟悉 Linux 伺服器管理（Debian / CentOS）- 熟悉 GCP 或 AWS 雲平台操作- 開發經驗 1 年以上### 加分條件- 熟悉 Vue.js、Nuxt.js、Angular、React 前端框架- 熟悉 Unit Test（如 Mocha ）、壓力測試- 熟悉 Docker 等構建工具- 擁有產品開發、開源專案開發或大型服務開發經驗- 熟悉 Python 且對 AI 有經驗及興趣- 總是想著如何讓工作自動化- 樂於學習網頁新技術- 對投資理財有經驗及興趣### 我們重視的態度❖　善於獨立找出並解決問題❖　不怕被挑戰、勇於表達想法的態度❖　重視並信任團隊合作的力量、能和團隊有效溝通討論❖　面對團體工作時，需跟隨 Code Standard 的必要認知❖　功能發佈上線之前，自己先進行完整測試的責任感，並對程式碼品質要求簡潔好維護❖　彈性工作下的自律嚴謹### 作品集❖　請附上作品連結或雲端檔案❖　請說明每件作品所負責的項目,"軟體設計工程師,Internet程式設計師","月薪40,000~60,000元",全職,台北市信義區,不需負擔管理責任,無需出差外派,日班,依公司規定,不限,1~2人【相關條件】/,應屆畢業生,不拘,專科以上- 公司產業：數位內容產業,不拘,不拘,不拘,"軟體工程系統開發,軟體程式設計,網路程式設計,資料庫程式設計【其他條件】/【公司福利】/- 福利制度：- 滿 3 個月即享有 7 天特休- 帶薪病假 5 天- 生日當月給予 1 天生日假- 彈性上下班- 不定期聚餐活動- 辦公室提供免費零食、咖啡- 教育訓練補助更多工作資訊請參考：https://www.104.com.tw/job/776ud",無
Linux Embedded 軟體工程師,富萱科技股份有限公司,【工作內容】/AI 嵌入式設備  應用軟體開發在 Jetson Nano/NX、AI ARM-based 等相關嵌入式硬體環境工作內容1. 與AI工程師合作，開發相關應用功能2. 影像、儲存、網路傳輸、事件告警、周邊IO驅動、系統功能開發3.  C++應用功能設計、SDK、API 開發4.  應用 Linux Ubuntu 相關系統工具5.  使用 QT 設計框架6.  網路傳輸資料至後端平台系統、Websocket、心跳同步薪資水準依經驗與專業技能評估無工作經驗者，需有C++、Linux 嵌入式程式設計相關專業培訓班結業證書資工、工程、應數等相關科系畢業,"軟體設計工程師,韌體設計工程師","月薪35,000~65,000元",全職,新北市中和區,不需負擔管理責任,無需出差外派,日班,依公司規定,不限,1~2人【相關條件】/,"上班族,應屆畢業生",不拘,專科、大學- 公司產業：電腦軟體服務業,不拘,不拘,"Linux,C++,Socket,RTSP","作業系統基本操作,軟體工程系統開發,軟體程式設計,韌體程式設計,網路程式設計【其他條件】/","專業技能需求1. 孰悉 Linux Ubuntu 開發環境 2. 以C++開發SDK 、API3. 使用QT UI/UX工具4. 程式撰寫:  多執行緒，檔案系統，驅動 GPIO、RS232 等周邊5. 程式撰寫: Restful API、SDK3. 運用 網路通訊協定 Web Socket, RTSP, HTTPS, SIP,加密協議 等 【公司福利】/- 福利制度：【薪資及獎金Salary &amp; Bonus】 固定底薪、年終獎金、績效獎金上班時間：9:00~18:00 (午休12:00~13:00)週休二日備有泡麵 零食小點心，工作忙碌之餘可以塞一下牙縫還有義大利進口全自動咖啡機 提神醒腦採用最新科技人臉辨識系統作為門禁進出人性化的出勤管理依法提供勞工保險以及全民健保保險及勞退6%提撥其他依照勞基法規定更多工作資訊請參考：https://www.104.com.tw/job/7ea5w"
[遠端]電腦視覺/影像處理/AI人工智慧演算法工程師 Remote Computer Vision/Image Process Algorithm Developer,智見科技股份有限公司,"【工作內容】/智見科技股份有限公司 (http://nuphoto.com.tw) 目前為全台最大的照片沖洗APP公司，主要提供方便製作 [照片個人化商品] 之平台服務，於2012年底成立, 目前正在開發全球性的影像軟體服務, 歡迎對 APP 開發 有熱忱的您加入。 公司創辦人之前為廣達/聯發科 10幾年影像開發經驗技術經理, 對影像技術/電腦視覺/市場開發行銷有優良的經驗和成果, 期待對APP和Web開發有興趣的人才加入,為自己和台灣軟體產品衝出一片新天地. 工作內容 - 開發AI 去背景/人臉偵測/人臉特徵點偵測演算法- 開發AI人臉相關的修圖/變形/優化演算法   - 開發AI照片品質提升演算法   - 導入實際手機APP程式- APP和Server的溝通協定 工作條件 - 資訊電腦相關科系 有做過相關電腦視覺研究- 符合下列工作準則 - 對新創 APP 軟體開發設計 有熱情 - 做事負責，細心，能與團隊溝通合作 - 如有以前的軟體作品 可以先附上. 如App 網站 程式 GitHub 面試機會更高 **技術人員準則： 好的軟體工程師在計畫的時間，開發出穩定的軟體，並降低未來維護的成本。 兼具Time-To-Market 和穩定性。 好的軟體工程師答應的Schedule，沒有合理的理由，決不延遲，有問題會提早提出討 論，像是Spec或是介面定義不清，在開發時，就可以儘早提出討論。 好的軟體工程師在Google上找到的英文解答/小程序/文件，可以迅速正確地理解，並正確用到專案中。對於不懂的語法/元件/框架可以嚴格地驗證，而不誤用。 好的軟體工程師遞交成果時，已經有自行測試過，遞交品質優良的軟體。 好的軟體工程師主動分享新的技術，用以推出更好的產品/介面/體驗。 **員工共同準則 好的員工注重團隊合作，盡力完成他人交辦的事務，以提升團隊效能。 好的員工注重溝通，多談話勝過文字交談，避免溝通有誤。 好的員工自我要求工作表現和效率，努力讓自己持續進步。 好的員工不僅是要做完工作，也要做好工作。 好的員工有Job Owner的概念，Owner如果是自己，就會全盤確認進度和問題，以做 好工作。 好的員工注重Schedule，並會訂好遞交時間，避免延誤團隊的工作時程。 好的員工會主動和上司討論好接下來一個月的工作內容，避免空窗。 好的員工因應公司商業模式或是營業項目的改變，會調整自己的心態和學習新的技 能。 我們是網路軟體公司，只是剛好做到客製化商品電商這個項目，未來還有可能變化。 工作時間&amp;地點 - 在家工作 也可到新竹辦公室上班 (新竹市 關新公園附近) - 星期一~星期五 早上9:00~下午6:00 公司福利 - 可和一流人才相互交流 - 具競爭力的薪資 - 滿一年, 保障2個月年終獎金 應徵方式 - 請先寄 履歷自傳 &amp; 相關工作經驗 至 bruce@nuphoto.com.tw - 適任者會以電話通知面試  ","軟體設計工程師,Internet程式設計師,網路管理工程師","月薪40,000~100,000元",全職,新北市板橋區,不需負擔管理責任,無需出差外派,日班,週休二日,不限,1~2人【相關條件】/,"上班族,應屆畢業生",不拘,大學以上- 公司產業：多媒體相關業,不拘,不拘,不拘,軟體工程系統開發【其他條件】/,"電腦視覺/影像處理演算法開發工程師/ Computer Vision/Image Processing Algorithm Developer【公司福利】/- 福利制度：1.保障1個月年終獎金2.週休二日，且彈性工時3.可免費製作公司產品(例如沖洗照片, 製作相本書, 無框畫, 上限一年5千)4.依績效給予分紅獎金5.全面使用Mac電腦，並提供雙螢幕，增進工作效率安全舒適的工作環境◎保全人員駐守，強化門禁管理。◎開放式辦公空間，讓彼此溝通零距離。◎辦公室全面禁菸，辦公大樓14樓，空間舒適，採光空氣流通佳，工作更有效率。完善的教育訓練◎提供完整的新進同仁導師制度，溝通學習有專人帶領。◎充分內部技術分享和討論，除了自己的工作還可以了解相關同仁技術。更多工作資訊請參考：https://www.104.com.tw/job/7azcg"
AI 軟體工程師,長春人造樹脂廠股份有限公司,【工作內容】/ 1. AI 技術與應用研究、設計、開發 2. 軟體工程與CI/CD 開發經驗 3. 系統整合與大數據分析 4. 歡迎資管、資工、統計、化工、數學等科系相關背景,"軟體設計工程師,演算法開發工程師,Internet程式設計師","月薪50,000~55,000元",全職,台北市中山區,不需負擔管理責任,需出差，一年累積時間未定,日班,依公司規定,不限,2~4人【相關條件】/,"上班族,應屆畢業生",不拘,碩士- 公司產業：化學原料製造業,"自然科學學科類,工程學科類,數學及電算機科學學科類",不拘,"C++,Python,Node.js",不拘【其他條件】/,"1.熟悉 Python、C#、Node.js 、資料庫程式語言。2. 熟悉 AI、排程、最佳化演算法。3. 良好的溝通技能。【公司福利】/- 福利制度：●勞保、健保●員工福利團體保險    定期壽險-----30個月    意外險--------24個月    職災意外險--72個月●每年定期健康檢查●職工福利委員會   →各項節金   →生日禮金   →國內外旅遊活動●勞動、端午及中秋三節節金●優厚年終獎金●紅利發放●退休金提撥及完備退休制度●婚喪喜慶補助   →員工本人結婚加發一個月薪資為賀禮金●緊急無息貸款辦法    → 員工本人可預借80天薪資無息攤還●教育訓練及語文課程旅遊假,結婚禮金,生育津貼,旅遊補助更多工作資訊請參考：https://www.104.com.tw/job/5xm4u"
資深PHP工程師,風行天股份有限公司,【工作內容】/風行天是FINTECH與AI的領導公司，是一個年輕有活力的團隊，在業界享譽卓著。我們歡迎有熱情有能力的資深PHP工程師加入我們。我們開發、設計平台與產品，提供企業在業務外勤上的管理工具提升效率，也提供獨特的匯兌風險管理平台，協助企業管理風險。所以您在這裡除了可以貢獻所學，還能借由互相學習提昇自我。具積極進取跟願意接受挑戰就是我們需要的人才！工作內容：1. 獨立處理主管所交辦的程式維護、調整、除錯或新功能開發 2. 新專案之需求進行分析、規劃、設計以及程式撰寫3. 參與新專案的開發過程的分析、討論、規劃與架構設計4. 能夠參考相關文件、規格或需求開發程式5. git版控的維護與上版的執行6. MySQL資料庫的操作與維護,"Internet程式設計師,網頁設計師,軟體設計工程師","月薪50,000~100,000元",全職,台北市中山區,不需負擔管理責任,無需出差外派,日班，09:00~18:30 (午休12:00~13:30),週休二日,不限,1人【相關條件】/,上班族,3年以上,專科以上- 公司產業：其它軟體及網路相關業,不拘,不拘,"AJAX,PHP,MySQL,HTML,JavaScript",不拘【其他條件】/,1. 良好的Coding Style、程式模組化與功能化的架構設計。2. 具3年以上PHP web程式開發經驗，熟悉PHP、JQuery、Ajax、HTML、CSS、JavaScript等網頁相關技術。3. 具Mysql相關管理經驗並熟悉SQL基本語法（CRUD、Join、View、Sub Query...等）。4. 具任一項MVC framework實務開發經驗，例：yii、codeIgniter、zend、yii、symfony或自行開發的MVC架構...等（以CI為主）。5. 具任一項版本控管（Version Control）工具使用操作經驗尤佳，例：git、SVN、Rational ClearCase（CC）...等（以git為主）。6. 具Web Service相關開發經驗及網頁資訊安全處理經驗。 7. 具獨立與團隊成員合作的經驗，並具備良好的溝通與傾聽技巧。8. 加分條件：API程式撰寫經驗、具金流API串接經驗、與不同部門團隊的溝通技巧、不怕直接與客戶或PM溝通。【公司福利】/- 福利制度：我們贊成員工「work hard and play hard」，也認同愉快的上班場所需要每一位員工一起來創造。因此風行天提供以下福利，希望能營造一個「work and life balance」的快樂工作環境：【法定義務】 ● 勞保 ● 健保 ● 6%勞退【獎金】 ● 年終獎金(依公司營運狀況及個人績效核發) ● 業務、PM及工程團隊績效獎金；業務另享季獎金及年獎金(皆按公司獲利程度與職務類別、個人績效核發)【休閒】 ● 每季一次的慶生下午茶會 ● 每年一次的尾牙 ● 不定期的主管outing、公司聚餐及下午茶 ● 專屬零食區【完善制度】 ● 良好的教育訓練 ● 透明的升遷管道 ● 順暢的團隊溝通 ● 人性化的經營理念【請 / 休假福利】 ● 週休二日 ● 優於勞基法：正職人員第一年即享有7天按比例特休假、1天生日假、2天健身購物假、以及不定期的2小時Early Home。更多工作資訊請參考：https://www.104.com.tw/job/58e43
AI工程師/資料工程師/資料科學家/機器學習工程師,域動行銷股份有限公司,"【工作內容】/【熱血團隊】域動Data Team是由一群對『數據分析』及『AI應用』具有研究及開發熱誠的成員所組成。在這裡你可以接觸到大量即時的使用者行為資料，並將資料科學模型應用於:『網路廣告投放優化』『網路用戶辨識』『消費者行為分析』我們更致力於尋找優化方案，改善產品體驗設計及為商業決策提供數據支持，提升效率和價值。我們鼓勵組員多方嘗試、思考、展現天馬行空的創意，且能清楚闡述想法，付諸實踐。 ٩(⚙ᴗ⚙)۶【環境氛圍】扁平化組織、歡樂上班氛圍，彼此隨時交流分享想法，不受任何侷限ㄟ(￣▽￣ㄟ)。總之，在Data Team不但可以接觸多元專案開發，藉此磨練專業知識的深度及廣度，幫助團隊的同時，也能突破自我，大幅成長。 ୧༼ ヘ ᗜ ヘ ༽୨歡迎您一起加入，成為未來數據應用趨勢的一份子！o(〃'▽'〃)o【Job Description】1. 使用資料科學技術剖析數據，協助產品成效優化及發展方向2. 負責資料收集、資料清理、模型建置等工作事項3. 協助處理網路使用者觀看的文本，進行關鍵字擷取、文本分類等NLP任務4. 廣告推薦系統建置及優化5. 數據視覺化報表產出【Qualifications】1. 熟悉 ML 相關知識2. 熟悉Python程式語言，包含Pandas, Numpy, Sklearn,Tensorflow, Pytorch等模組3. 熟悉Linux 系統操作4. 熟悉資料庫程式語言 SQL【Preferred Qualifications】1. 推薦系統處理專案經驗佳2. 自然語言處理專案經驗佳3. 曾參與ML相關研究、競賽或發表論文經驗佳4. 具有數位廣告相關經驗壓5. 統計學專長6. 具有分散式運算的相關知識，如 Spark、Hadoop、Hive7. 有使用過GCP, AWS 等雲端服務經驗佳","演算法開發工程師,軟體設計工程師,其他資訊專業人員","月薪40,000元以上",全職,台北市松山區,不需負擔管理責任,無需出差外派,日班,週休二日,一個月內,2人【相關條件】/,"上班族,應屆畢業生",不拘,大學以上- 公司產業：廣告行銷公關業,"數學及電算機科學學科類,電機電子工程相關",中文--聽 /精通、說 /精通、讀 /精通、寫 /精通,"Linux,Python,MS SQL","軟體工程系統開發,軟體程式設計,Machine Learning,資料庫程式設計【其他條件】/【公司福利】/- 福利制度：(1) 勞保、勞退、健保，新人教育訓練，週休二日(2) 彈性上下班 (每天1.5hr彈性, 同仁自選8hr) (3) 除一般假期外，另提供年休假、特別假、生日假(4) 國內尾牙旅遊 &amp; 國外員旅 https://www.clickforce.com.tw/edcontent_d.php?lang=tw&amp;tb=4&amp;id=1493 (5) 團康Party、部門聚餐、公司內外產業講座進修課程員工紅利,年終獎金,生日假,結婚禮金,員工進修補助,國內旅遊,國外旅遊,優於勞基法特休更多工作資訊請參考：https://www.104.com.tw/job/6shtp",無
工作名稱,公司,工作內容,職務類別,工作待遇,工作性質,上班地點,管理責任,出差外派,上班時段,休假制度,可上班日,需求人數,接受身份,工作經歷,學歷要求,科系要求,語文條件,擅長工具,工作技能,其他條件
工作名稱,公司,工作內容,職務類別,工作待遇,工作性質,上班地點,管理責任,出差外派,上班時段,休假制度,可上班日,需求人數,接受身份,工作經歷,學歷要求,科系要求,語文條件,擅長工具,工作技能,其他條件
