,工作名稱,公司,工作內容,Linux,Python,MS SQL,C,C++,Java,不拘,Windows 10,C#,Git,UNIX,Excel,PowerPoint,Word,Ruby,ASP.NET,PHP,MySQL,JavaScript,jQuery,Outlook,Oracle,PL/SQL,PostgreSQL,HTML,CSS,Windows Server 2008,Android,iOS,Go,Socket,RTSP,Node.js,AJAX
0,AI工程師/資料工程師/資料科學家/機器學習工程師,域動行銷股份有限公司,"【工作內容】/【熱血團隊】域動Data Team是由一群對『數據分析』及『AI應用』具有研究及開發熱誠的成員所組成。在這裡你可以接觸到大量即時的使用者行為資料，並將資料科學模型應用於:『網路廣告投放優化』『網路用戶辨識』『消費者行為分析』我們更致力於尋找優化方案，改善產品體驗設計及為商業決策提供數據支持，提升效率和價值。我們鼓勵組員多方嘗試、思考、展現天馬行空的創意，且能清楚闡述想法，付諸實踐。 ٩(⚙ᴗ⚙)۶【環境氛圍】扁平化組織、歡樂上班氛圍，彼此隨時交流分享想法，不受任何侷限ㄟ(￣▽￣ㄟ)。總之，在Data Team不但可以接觸多元專案開發，藉此磨練專業知識的深度及廣度，幫助團隊的同時，也能突破自我，大幅成長。 ୧༼ ヘ ᗜ ヘ ༽୨歡迎您一起加入，成為未來數據應用趨勢的一份子！o(〃'▽'〃)o【Job Description】1. 使用資料科學技術剖析數據，協助產品成效優化及發展方向2. 負責資料收集、資料清理、模型建置等工作事項3. 協助處理網路使用者觀看的文本，進行關鍵字擷取、文本分類等NLP任務4. 廣告推薦系統建置及優化5. 數據視覺化報表產出【Qualifications】1. 熟悉 ML 相關知識2. 熟悉Python程式語言，包含Pandas, Numpy, Sklearn,Tensorflow, Pytorch等模組3. 熟悉Linux 系統操作4. 熟悉資料庫程式語言 SQL【Preferred Qualifications】1. 推薦系統處理專案經驗佳2. 自然語言處理專案經驗佳3. 曾參與ML相關研究、競賽或發表論文經驗佳4. 具有數位廣告相關經驗壓5. 統計學專長6. 具有分散式運算的相關知識，如 Spark、Hadoop、Hive7. 有使用過GCP, AWS 等雲端服務經驗佳",1,1,1,0,0,0,0,0,0,0,0,0,0,0,0,0,0,0,0,0,0,0,0,0,0,0,0,0,0,0,0,0,0,0
1,AI Engineer_人工智慧工程師,全曜財經資訊股份有限公司,"【工作內容】/At CMoney, our mission is to assist people in their lifelong investment. To this end,we have already launched several services and apps to help users make decisionson different matters. So far CMoney has had the most popular stock mobile app andstock forum in Taiwan, where each has almost 800k monthly active users. Everydaymore than 100k articles and messages emerge from our apps and forum.Meanwhile, we collaborate with 50+ investment KOLs to help users succeed ininvestment. Currently, CMoney is at the fast-growing stage, and thus we are lookingfor brilliant talents to join our team, especially the ones with integrity, high socialinterest and growing mindset. For more detail of CMoney, please refer to thefollowing link: https://www.cmoney.tw/jobs/ .Our AI team focuses on utilizing natural language processing techniques includingtext classification and automatic summarization to enhance our products and to provide values to our users. Our AI team is also responsible for developing and establishing cross-product recommendation systems so that our products can offerbetter experience for the users. Moreover, our AI team has to design the scheme of lifelong machine learning to sustain our AI-powered services. If you not only love to keep track of the latest trend of AI development and techniques but also are passionate about implementing the relevant AI algorithms by yourself, we welcome you to join us.As such, you will:Design, develop, train, and integrate AI models to our services or productsAnalyze and diagnose the problems and bottlenecks of current AI modelsCollaborate with other product and data teams to propose and provide better solutionsMake CMoney service more intelligent, and make CMoney data more beneficial to the communityLast but not least make our customer success",0,1,0,1,1,1,0,0,0,0,0,0,0,0,0,0,0,0,0,0,0,0,0,0,0,0,0,0,0,0,0,0,0,0
2,Senior/Junior AI Engineer AI工程師,迪威智能股份有限公司,"【工作內容】/職缺描述Responsibility:1. Design/Train/Develop new DeepWave’s AI models2. Refine/Re-train current AI models for DeepWave’s solutions.3. Provide APIs/brief demos while developing AI solutionsSenior Responsibility:1. Keep fetching SOTA methods/AI solutions and integrate/improve DeepWave’s solution2. Help to define and improve our internal standards for style, maintainability, and best practices for AI-heavy projects with members through code review.3. Help Junior to develop their technical skills/responsibility.Professional Skills:1. 1~2/3+ years relevant AI experience with Python/Scikit-Learn/Pytorch/TensorFlow/TF Lite/ONNX2. Ability on error analysis, data visualization e.g. matplotlib, …3. Experience on RESTFul API building using Flask/FastAPI4. Familiar with Git5. Familiar with deploying RESTFul API on AWS/local servers6. Comfortable and be able to develop with open source. :D7. Self-motivated, self-managed, and passionate on what we do.8. Strong technical communication skills.9. Team-work spirit, be nice and respectful to othersNice to have:Experience working with a remote teamExperience in a startup environment",0,0,0,0,0,0,1,0,0,0,0,0,0,0,0,0,0,0,0,0,0,0,0,0,0,0,0,0,0,0,0,0,0,0
3,AI 工程師 Junior AI Engineer,賽席爾商極光科技有限公司,"【工作內容】/We are looking for a person who is excited to thrives in cooperative growing team and who loves learning new technologies. We expect that you will have strong motivation as Junior Back-end Engineer who is eager to tackle challenging troubleshooting and adapt in this fast-pace environment. -  Be able to perform API operation and maintenance-  Have knowledge of API third party integration-  Experience of Deep Learning, machine learning and Artificial Intelligence.-  Experience working with modern Deep Learning techniques, framework and applications, Python, DL framework (e.g Tensorflow, Keras, PyTorch...)Us e machine learning and analytical techniques to build prediction model for advertising solutions.- Design, develop and test advanced models for predictive consumer behavior- Design efficient, scalable, automated processes for large scale data analyses, model development, model validation and model implementation- Research and evaluate pioneering machine learning and statistical model	- Familiar with GIT controlling system and understand branching model(git flow, Github flow)- Have fundamental knowledge of internet service and understand RESTful API style- Self-motivated, willing to think outside the box and discover new technologies.- Good communication and personal skills: ability to interact and work well with members of other functional groups in a project team and a strong sense of project ownership",0,0,0,0,0,0,1,0,0,0,0,0,0,0,0,0,0,0,0,0,0,0,0,0,0,0,0,0,0,0,0,0,0,0
4,AI工程師,中鼎集團_新鼎系統股份有限公司,【工作內容】/負責大數據應用/Deep learning應用解決方案與技術實作,0,1,0,0,0,0,0,0,0,0,0,0,0,0,0,0,0,0,0,0,0,0,0,0,0,0,0,0,0,0,0,0,0,0
5,AI工程師 (AI Engineer),卡洛地股份有限公司,"【工作內容】/我們是微軟金級Azure CSP 合作夥伴，銷售微軟Azure 相關產品，已開發令人耳目一新的雲端管理平台 (Cloud Management Platform)，如果你細心、積極、主動、負責任、善於溝通，擁有雲端開發資歷背景，歡迎加入我們的行列。Responsibilities:•         Research and implement cutting-edge Machine Learning/Deep Learning techniques•         Using time series forecasting methods to forecast cloud usage trends and identify anomalies•         Applying NLP to current product 工作內容：•         研究與運用目前最新的 ML/DL 演算法•         運用時間序列資料與模型進行異常分析與預測•         運用 NLP 於公司產品雲端資源管理平台之中 Requirements:•         Confident in implementing state-of-the-art models using Python•         Solid background in Statistics•         Familiar with popular Machine Learning Algorithms (eg. RNN/LSTM &amp; CNN family)•         Familiar with algorithms of Transferred Learning and Reinforcement Learning•         Familiar with Linux, Git, and SQL•         Capable of pre-processing raw data using various visualization, detection, transforming techniques 必要條件：•         根據論文內容實作出演算法預測模型的能力•         紮實的統計觀念•         熟悉常見的 ML/DL 演算法 (如 RNN/LSTM 與 CNN 等)•         熟悉 Transferred Learning and Reinforcement Learning 等演算法•         熟悉 Linux、Git、與 SQL•         有資料前處理的能力Preferred Qualifications:•         Working knowledge in one of the popular deep learning frameworks (eg. Pytorch, Keras, and TensorFlow)•         Understanding of time series data &amp; models•         Past experience in NLP•         Familiar with C# Web API, .NET Core•         Familiar with Azure/AWS/GCP Platform 加分條件:•         熟悉常用的深度學習框架如 PyTorch、Keras、TensorFlow 等•         了解時間序列資料與模型•         曾運用過 NLP•         熟悉 C# Web API 與 .NET Core•         熟悉 Azure/AWS/GCP 雲端平台Please Provide:•         Your resume•         Github/Kaggle link (Preferred, not required)•         Additional documentations such as ML/DL related thesis or project (Preferred, not required) 請附上:•         您的履歷•         您的 GitHub/Kaggle 連結 (加分，非必要)•         您的 ML/DL 相關畢業論文或專題 (加分，非必要)",0,0,0,0,0,0,1,0,0,0,0,0,0,0,0,0,0,0,0,0,0,0,0,0,0,0,0,0,0,0,0,0,0,0
6,AI工程師,美律實業股份有限公司,【工作內容】/1、分析各種數據與建立辨識建模，針對專案或其他內部需求進行大數據分析。2、執行交辦事項，搜尋、製作新技術、論文之閱後報告，參加外部AI競賽。3、支援電聲技術論壇、電聲論文獎活動。,0,1,0,0,0,0,0,1,0,0,0,0,0,0,0,0,0,0,0,0,0,0,0,0,0,0,0,0,0,0,0,0,0,0
7,AI 工程師,天一電子股份有限公司,【工作內容】/(1)特徵工程(必備)具備統計分析能力，能夠透過統計分析big data，並取出有用的特徵欄位(含關聯性分析)(2)熟悉Python、AI self-learning(尤佳)(3)能夠熟悉SCADA工業控制系統運作(尤佳),0,1,0,0,1,1,0,0,0,0,0,0,0,0,0,0,0,0,0,0,0,0,0,0,0,0,0,0,0,0,0,0,0,0
8,AI工程師,博智電子股份有限公司,【工作內容】/1.AI演算法開發和應用:機器學習、深度學習2.優化AI執行效能與準確度3.依專案需求，參與系統架構流程規劃4.具統計分析、資料建模能力,0,1,0,1,0,1,0,0,1,0,0,0,0,0,0,0,0,0,0,0,0,0,0,0,0,0,0,0,0,0,0,0,0,0
9,AI工程師,慧術科技股份有限公司,【工作內容】/工作內容1. 影像處理、物件偵測與辨識等相關演算法開發。 2. 以影像為基礎之機器學習/深度學習演算法開發。 3. 參與專案規劃與架構流程4. 具有醫學背景5. 滿兩年工作經驗,0,1,0,0,1,0,0,0,0,0,0,0,0,0,0,0,0,0,0,0,0,0,0,0,0,0,0,0,0,0,0,0,0,0
10,AI工程師,康百事生物資訊股份有限公司,"【工作內容】/專案目標: 透過基因數據以及其他臨床特徵，進行疾病預測。內容:1. 數據整理評估2. 執行AI模型開發 (ML/DL model)3. 發掘適合應用的臨床數據 (Feature engineering, also known as feature creation)4. 模型參數最佳化 ",1,1,0,0,0,0,0,0,0,1,0,0,0,0,0,0,0,0,0,0,0,0,0,0,0,0,0,0,0,0,0,0,0,0
11,【研發替代役】AI Engineer_人工智慧工程師,全曜財經資訊股份有限公司,"【工作內容】/[歡迎具111年度研發替代役資格者投遞履歷]At CMoney, our mission is to assist people in their lifelong investment. To this end,we have already launched several services and apps to help users to make decisionson different matters. So far CMoney has had the most popular stock mobile app andstock forum in Taiwan, where each has almost 800k monthly active users. Everydaymore than 100k articles and messages emerge from our apps and forum.Meanwhile, we collaborate with 50+ investment KOLs to help users succeed ininvestment. Currently, CMoney is at the fast-growing stage, and thus we are lookingfor brilliant talents to join our team, especially the ones with integrity, high socialinterest and growing mindset. For more detail of CMoney, please refer to thefollowing link: https://www.cmoney.tw/jobs/ .Our AI team focuses on utilizing natural language processing techniques includingtext classification and automatic summarization to enhance our products and to provide values to our users. Our AI team is also responsible for developing and establishing cross-product recommendation systems so that our products can offerbetter experience for the users. Moreover, our AI team has to design the scheme of lifelong machine learning to sustain our AI-powered services. If you not only love to keep track of the latest trend of AI development and techniques but also are passionate about implementing the relevant AI algorithms by yourself, we welcome you to join us.As such, you will:Design, develop, train, and integrate AI models to our services or productsAnalyze and diagnose the problems and bottlenecks of current AI modelsCollaborate with other product and data teams to propose and provide better solutionsMake CMoney service more intelligent, and make CMoney data more beneficial to the communityLast but not least make our customer success",0,1,0,1,1,1,0,0,0,0,0,0,0,0,0,0,0,0,0,0,0,0,0,0,0,0,0,0,0,0,0,0,0,0
12,AI人工智慧工程師,智運國際科技股份有限公司,【工作內容】/1. 依專案需求進行數據整理、規劃與分析，設計AI模型   2. AI演算法開發設計運用 與模型整合  3. 規畫與架構標準化大數據分析流程   4. 協助相關數據分析,0,1,0,1,1,0,0,0,0,0,0,0,0,0,0,0,0,0,0,0,0,0,0,0,0,0,0,0,0,0,0,0,0,0
13,期貨策略 AI 工程師 (AI Engineer),天鏡科技股份有限公司,"【工作內容】/你是對期貨買賣操作有想法的人嗎 ? 徵求期貨界的傑西.李佛摩 -「最活躍的美國股市投機客」，想挑戰高薪及持續性收入嗎 ? 我們歡迎您加入「策略無限 - 策略開發」團隊 !!* 我們有全世界最厲害的回測系統，您發想出來的策略，回測台灣期貨19年的交易資料只要5-10分鐘，其他的回測系統則需要3-4 個小時。5-10分鐘我們還不滿意呢， 1 秒內完成19年的回測是未來目標，這真的很 COOL。* 我們有全世界最厲害的雲端Google 主機自動下單系統，免盯盤、家中免電腦、APP接受下單成交推播，您發想的策略，第二天立刻投入實戰。Required Skills &amp; Experience• Experience of Deep Learning, machine learning and Artificial Intelligence with MS in Engineering, Mathematics, Computer Vision or Computer Science • Experience working with modern Deep Learning techniques, framework and applications, Python, DL framework (e.g Tensorflow, Keras, PyTorch...), C, C++, C# programming experience (One of them) • Experience working with Deep Learning projects • Good teamwork and interpersonal skills • Action oriented with good communication, analytical and problem-solving skills",0,0,0,0,0,0,1,0,0,0,0,0,0,0,0,0,0,0,0,0,0,0,0,0,0,0,0,0,0,0,0,0,0,0
14,人工智慧工程師,新光金融控股股份有限公司(新光金控/新光人壽/新光銀行/新光投信),【工作內容】/★Make a Difference新光金控致力於成為最懂客戶需求的數位金融領導品牌。我們相信，融入客戶生活，聆聽客戶聲音，運用科技創造不凡體驗，才能創造企業持續成長的價值。面對金融科技的浪潮與挑戰，我們需要有共同信仰的你加入，一起翻轉數位金融的旅程 “Make a Difference”。在這裡你將負責的任務&gt; (1) 具有獨立AI研發與佈署能力，包含AI環境佈署與框架運用、機器模型建立、演算法引用研發等。 (2) 與子公司及外部技術夥伴進行深度技術合作，用以解決金融實務問題與改善內外部客戶/員工歷程。 (3) 評估外部合作夥伴之技術深度與廣度適用性。 (4) 運用RPA自動化流程開發並適時研究搭配AI相關應用於自動化流程。必要條件&gt;1. 具備深度學習開源框架技能，例如Tensorflow或Pytoch或Keras等。2. 熟悉基礎的機器學習方法並可充分應用於金融相關場景，例如預測模型、風險模型、徵審模型等。3. 具有Python或C/C++程式語言與機器學習相關技能，例如DNN、CNN、 RNN等。4. 注重細節的團隊合作者，具有良好的溝通與表達能力。5. 面試時可附上個人side project或研發成果簡報相關資料以利佐證。＜加分條件＞1. 資料科學、資訊工程、資訊管理或相關領域的學位。2. 曾在金融業工作/實習或是有服務過金融客戶有關人工智慧研發經驗者佳。3. 個性積極、具有挑戰創新的熱忱、自我管理能力佳，對於AI研發與科技應用具有熱情。4. 具備人工智慧相關特定領域經驗佳 e.g. NLP、ASR、生物辨識、推薦系統等。,0,1,0,1,1,0,0,0,0,0,0,0,0,0,0,0,0,0,0,0,0,0,0,0,0,0,0,0,0,0,0,0,0,0
15,AI工程師,宏虹電子科技有限公司,【工作內容】/***歡迎應屆畢業生***我們是一群年輕的團隊，鼓勵個人追求卓越表現，也提供暢通的升遷管道、職涯發展，宏虹也相當注重員工的工作環境，提供下午茶、聚餐、party等多樣福利~ 宏虹耕耘的領域包括數據採集、無線電通信與監測、網絡可視化、測試測量、汽車電子、自動化和嵌入式開發工具，如果你對宏虹有興趣，且對於自己在AI、數據分析、人工智慧等技術方面的能力有信心，也對於自己未來工作發展有想法，歡迎與我們聯繫~工作職責:1.從事人工智能、機器學習、大規模分佈式系統領域前沿算法及應用的研究分析；2.有效率辨識與選擇適合之AI技術進行模型開發(建模、分類、驗證、預測...)並解決問題；3.負責人工智能項目技術方案的開發、制定以及交付；4. 跟進最新AI技術進展及評估效益，並根據需求提供解決方案、技術支持；5. 其它主管交辦事項。,0,0,0,0,0,0,1,0,0,0,0,0,0,0,0,0,0,0,0,0,0,0,0,0,0,0,0,0,0,0,0,0,0,0
16,AI工程師//資料科學家/機器學習工程師/資料工程師,天益教育科技有限公司,"【工作內容】/本公司是醫教整合的新創公司主要是將幼兒能力數據可視化進行分析並且以大數據庫為驅動推薦最適性培育方案給老師並且長期追蹤了解孩子的成長軌跡進而持續修正演算法則與內容公司的技術核心就是做到『精準教育』。所以誠摯地邀請你如果你具備數據演算的相關專長同時你也熱愛與孩子相關的工作內容歡迎你加入我們！★工作描述1. 使用資料科學技術剖析數據，協助產品成效優化及發展方向2. 負責資料收集、資料清理、模型建置等工作事項3. 協助處理網路使用者觀看的文本，進行關鍵字擷取、文本分類等NLP任務4. 廣告推薦系統建置及優化5. 數據視覺化報表產出★能力要求1. 熟悉 ML 相關知識2. 熟悉Python程式語言，包含Pandas, Numpy, Sklearn,Tensorflow, Pytorch等模組3. 熟悉Linux 系統操作4. 熟悉資料庫程式語言 SQL★希望你有1. 推薦系統處理專案經驗佳2. 自然語言處理專案經驗佳3. 曾參與ML相關研究、競賽或發表論文經驗佳4. 具有統計學專長5. 具有分散式運算的相關知識，如 Spark、Hadoop、Hive6. 有使用過GCP, AWS 等雲端服務經驗佳",0,0,0,0,0,0,1,0,0,0,0,0,0,0,0,0,0,0,0,0,0,0,0,0,0,0,0,0,0,0,0,0,0,0
17,AI工程師(台北總公司),東和鋼鐵企業股份有限公司,【工作內容】/1.負責AI、Big Data專案之開發、建置與推廣2.具資料科學基本概念和技能3.有AI程式開發經驗者佳4.具工作熱忱、團隊精神和責任感,0,0,0,0,0,0,1,0,0,0,0,0,0,0,0,0,0,0,0,0,0,0,0,0,0,0,0,0,0,0,0,0,0,0
18,【2021重點職缺專區】AI人工智慧工程師,資策會_財團法人資訊工業策進會,【工作內容】/1.開發智慧健康 / 智慧運動等人工智慧應用服務2.數理統計 / 資料探勘 / 機器學習 / 人工智慧演算法實作與系統整合開發3.數據資料分析應用4.撰寫技術文件和設計規格5.影像處理/ 即時資料處理/ 語言處理,1,1,0,0,0,0,0,0,0,1,1,1,1,1,0,0,0,0,0,0,0,0,0,0,0,0,0,0,0,0,0,0,0,0
19,研發中心-AI工程師【高雄】,采威國際資訊股份有限公司,【工作內容】/1. 負責公司AI演算法架構制定與軟體系統的研發工作2. 根據專案開發要求，進行系統架構設計、軟體程式撰寫、演算法調優等工作3. AI模型部署至公有雲平台，並提供API和服務供其他雲端服務串接4. 配合專案進度，協同執行專案相關工作5. 主管交辦事項,0,0,0,0,0,0,1,0,0,0,0,0,0,0,0,0,0,0,0,0,0,0,0,0,0,0,0,0,0,0,0,0,0,0
20,Machine Learning/ AI Engineer深度學習工程師,淇譽電子科技股份有限公司,【工作內容】/針對生理音（廔管音、心音、肺音）需要進行AI分析,0,1,0,1,1,1,0,0,0,0,0,0,0,0,1,0,0,0,0,0,0,0,0,0,0,0,0,0,0,0,0,0,0,0
21,AI工程師,美商艾必威科技有限公司台灣辦事處,"【工作內容】/1. 基於音樂之數據資料前期處理, 包含數據清洗, 特徵擷取, 數據相關性分析.2. 音樂演算法開發與最佳化, 模型建立, 預測, 分類及驗證.3. 基於音樂之機器學習/辨識, 深度學習或其他相關演算法應用.其他:1. 良好溝通, 自主學習2. 具軟體分析開發熱誠3. 跨部門溝通協調關於公司相關資訊，您可以透過以下網址了解我們:iBUYPOWER: https://www.ibuypower.com/company ",0,1,0,1,1,0,0,0,1,0,0,0,0,0,0,0,0,0,0,0,0,0,0,0,0,0,0,0,0,0,0,0,0,0
22,B13人工智慧工程師,晉弘科技股份有限公司,【工作內容】/1.	影像處理演算法開發與維護2.	機器學習(Machine learning)演算法研發與應用3.	資料前處理與建模4.	Python/C/C++ 軟體開發經驗,0,0,0,0,0,0,1,0,0,0,0,0,0,0,0,0,0,0,0,0,0,0,0,0,0,0,0,0,0,0,0,0,0,0
23,資深ASP.NET工程師,風行天股份有限公司,【工作內容】/風行天是FINTECH與AI的領導公司，是一個年輕有活力的團隊，在業界享譽卓著。我們歡迎有熱情有能力的ASP.NET工程師加入我們。我們開發、設計平台與產品，提供企業在業務外勤上的管理工具提升效率，也提供獨特的匯兌風險管理平台，協助企業管理風險。所以您在這裡除了可以貢獻所學，還能借由互相學習提昇自我。具積極進取跟願意接受挑戰就是我們需要的人才！工作內容：1. 開發環境 : ASP .Net Core 22. 前端開發 : Angular6、Inoic3. 前後端介接 : GraphQL、WebAPI4. 資料庫 : Entity Framework、MS-SQL5. 與行動裝置應用技術結合,0,0,1,0,0,0,0,0,0,0,0,0,0,0,0,1,1,1,1,1,0,0,0,0,0,0,0,0,0,0,0,0,0,0
24,人工智能CV算法工程師 (AI CV Algorithm Engineer),羅傑斯人工智能股份有限公司,"【工作內容】/任職條件:  1. 對人工智慧算法研發有強烈熱誠與興趣。  2. 計算機，電子工程，自動化方向相關學歷，有機器學習或深度學習研究背景。  3. 熟悉 C++和Python編程，具有算法實現能力。  4. 熟悉CV演算法，並能針對現有神經網路模型(如: 物件/人臉偵測、人臉辨識)進行加速及優化   5. 不怕困難，有毅力獨立思考及解決問題能力。具以下實作經驗者佳,1.	人臉偵測 / 人臉辨識2.	CNN模型壓縮3.	生成對抗網路 (GAN)4.	姿態追蹤運動系統5.	物件體積量測系統6.	熟悉分散式運算、平行運算提供可參考電腦視覺相關開發專案, 如github 尤佳",0,0,0,0,0,0,1,0,0,0,0,0,0,0,0,0,0,0,0,0,0,0,0,0,0,0,0,0,0,0,0,0,0,0
25,AI工程師,長泓膠業股份有限公司,【工作內容】/1、以機器學習、深度學習與資料分析規劃與統籌專案，藉由科技的力量強化公司的系統並提供數據做為決策分析依據。2、研究與開發人工智慧之演算法結構、並提供應用和服務 3、跨部門溝通、協調、整合專案進行，推動公司AI與新創科技導入應用。4、具備統計分析、資料建模能力。5、主管交辦事項。,0,1,0,0,1,1,0,0,0,0,0,1,1,1,0,0,0,0,1,0,1,0,0,0,0,0,0,0,0,0,0,0,0,0
26,AI應用工程師,財團法人自行車暨健康科技工業研究發展中心,【工作內容】/工作項目說明：1.AI專案執行及程式撰寫(python、SQL、資料庫、數據分析…)2.科技專案研究規劃與執行3.廠商合作案規劃與執行,0,1,1,0,0,0,0,0,0,0,0,0,0,0,0,0,0,1,0,0,0,0,0,0,0,0,0,0,0,0,0,0,0,0
27,AI演算法工程師,力晶積成電子製造股份有限公司(力積電),【工作內容】/【工作內容】 1. 需求分析及規劃、資料萃取、資料清理、特徵工程 2. 數據分析、資訊視覺化、說明分析結果、提出建議 3. AI演算法的設計和應用,0,1,1,0,1,0,0,0,1,0,0,0,0,0,0,0,0,1,1,1,0,1,1,1,0,0,0,0,0,0,0,0,0,0
28,工研院服科中心_文化科技AI工程師(S100),工研院 _財團法人工業技術研究院,"【工作內容】/對科技藝術相關創作計畫進行 ""影像辨識 / 影像生成(GAN)"" 應用程式開發 文化科技領域應用計畫之身體節點動態偵測的應用開發。",0,0,0,0,0,0,1,0,0,0,0,0,0,0,0,0,0,0,0,0,0,0,0,0,0,0,0,0,0,0,0,0,0,0
29,AI程式設計工程師,方象國際有限公司,"【工作內容】/1. 熟image processing、computer vision2. 熱愛影像研發工作者3. 本科系為佳。無相關學歷，但具備熟練影像程式開發技巧亦可。4. 對影音串流有基本的認識5. 熟程式設計：C#，會 C/C++尤佳。。6. 接觸過 openCV,ffmpeg 尤佳。",0,1,0,0,1,0,0,0,0,0,0,0,0,0,0,0,0,0,0,0,0,0,0,0,0,0,0,0,0,0,0,0,0,0
30,視覺算法開發工程師,英屬維京群島商視芯智能股份有限公司台灣分公司,【工作內容】/1.	2D/3D視覺相關及AI 物體識別等相關演算法2.	與ASIC 工程師共同開發算法相關IP,0,0,0,0,0,0,1,0,0,0,0,0,0,0,0,0,0,0,0,0,0,0,0,0,0,0,0,0,0,0,0,0,0,0
31,python工程師,普匯金融科技股份有限公司,【工作內容】/inFlux 普匯金融科技是一家利用科技去輔助並提供金融服務的公司，以普惠金融為志業，希望落實傳統銀行無法提供的金融服務。「金融專業」為核心，「高端科技」為輔具，提供「最有溫度」的社群服務，拉近人與人的距離，讓金融年輕化。目前公司獲得金控集團投資及多家銀行合作，是未來的AI金融科技獨角獸，後端工程師除了能開發最真實的金融服務系統，更有機會走在台灣金融科技的前緣，工作內容為開發 Python 相關子系統，如爬蟲、自動化系統等。希望你加入我們一起成長，用專業的技術一起為台灣金融科技產業貢獻。【工作內容】1.Python 監控與維運系統開發2.Python 相關子系統維運3.採用 Flask 進行開發 RESTful API4.技術文件撰寫5.串接第三方的 API/SDK【需備條件】1.具有 Git 版本控制相關知識2.熟悉 Linux 操作環境及相關指令3.良好溝通能力，團隊配合度高4.Python 與 Flask 開發能力【加分條件】1.熟悉關聯式資料庫設計 (MySQL等)2.使用 MongoDB 進行開發的實務經驗3.微服務 (Microservices) 開發實務經驗4.熟悉相關設計模式 (Design Pattern)5.有串接第三方的 API/SDK 實務經驗6.有金融相關背景知識【福利制度】｜基本款｜*勞保、健保、勞退等基本規範*每人有舒適的工作環境*完善業務獎金制度｜特別款｜*三節都會有禮品*員工的生日慶祝！每月會對壽星舉辦慶生*不只是寫寫程式，讓你工作之餘能涉獵金融科技相關的專業知識*多家銀行與企業的合作，讓你能有外面不會接觸到的學習機會*有點累了？公司提供免費咖啡讓你提神*每月補充的零食櫃，讓你解解肚子餓及嘴饞的煩惱*每個月的小確幸，科技部門聚餐吃飯*每年健康檢查，照顧每位員工的身體狀況*工程師通過試用期即配備 MacBook Pro 及 24 吋大螢幕，讓你擁有好的開發體驗,0,1,0,0,0,0,0,0,0,0,0,0,0,0,0,0,1,1,0,0,0,0,0,0,0,0,0,0,0,0,0,0,0,0
32,F503-AI工程師(台中),大同世界科技股份有限公司,【工作內容】/▶ JD工作說明1.面對問題能審慎應對，進行資料分析，確實掌握客戶問題痛點，提出合適的解決方案2.瞭解客戶的需求，在指導下能產出系統規格資料3.能運用並結合許多不同的工具，完成符合客戶需求的服務4.能運用不同的程式語言做整合應用，開發軟體5.能針對公司內部多元需求，提供適合的解決方案或建議，並能分享與傳授軟體開發整合性知識 ▶JS具備技能1. 1年以上系統開發經驗 2. 程式設計開發，ASP.NET C# Python3. 熟悉SQL語法需具備網頁開發相關技術，Ajax、Java Script、CSS等 4. 具備Object-relational mapping，LINQ、ADO.NET Entity Framework尤佳 5. 熟悉任一AI框架尤佳（如：Tensorflow、Keras、Caffe等） 6. 具有機器學習、深度學習、影像辨識研究背景尤佳,0,1,0,0,0,0,0,0,1,0,0,0,0,0,0,1,0,0,0,0,0,0,0,0,0,0,0,0,0,0,0,0,0,0
33,前端工程師 Frontend Engineer,聚典資訊股份有限公司,【工作內容】/前端工程師 Frontend Engineer  【注意事項】：請至 https://www.104.com.tw/company/1a2x6bl0ew 投遞履歷，我們會以這邊收到的履歷為主。【工作內容】作為 Ret[AI]ling Data的工程師，你將投入 Ret[AI]ling Data 的核心產品開發，與其他工程、設計團隊、產品經理等夥伴們密切討論、規劃，共同打造最棒的零售AI數據系統。除核心產品之外，前端工程師會支援不同的專案，配合市場方向、產品策略、使用者回饋，與行銷和內容團隊密切合作，共同為團隊最大化 Ret[AI]ling Data的產品價值。【工作目標】☆  基於Front end Framework之上，與團隊共同設計、開發、維護系統功能☆  共同參與產品方向討論，一起打造最棒的產品☆  持續對規劃、討論、開發、驗證的協作流程提出建議☆  建立並串聯數據與服務API☆  解決各種瀏覽器/尺寸相容問題☆  協助編寫和技術開發相關文件【必要條件】☆  具備開發經驗。☆  HTML/CSS/JavaScript (框架: React/Vue)。☆  熟悉RWD☆  API 設計及實作☆  具備積極的心態，能快速適應各種變動，並勇於面對各種未知的挑戰。☆  具備解決問題的能力，創造性思考並超越標準化模板的能力。,0,0,0,0,0,0,0,0,0,0,0,0,0,0,0,0,0,0,1,0,0,0,0,0,1,1,0,0,0,0,0,0,0,0
34,電腦視覺/影像處理/AI人工智慧演算法工程師 Computer Vision/Image Process Algorithm Developer,智見科技股份有限公司,"【工作內容】/智見科技股份有限公司 (http://nuphoto.com.tw) 目前為全台最大的照片沖洗APP公司，主要提供方便製作 [照片個人化商品] 之平台服務，於2012年底成立, 目前正在開發全球性的影像軟體服務, 歡迎對 APP 開發 有熱忱的您加入。 公司創辦人之前為廣達/聯發科 10幾年影像開發經驗技術經理, 對影像技術/電腦視覺/市場開發行銷有優良的經驗和成果, 期待對APP和Web開發有興趣的人才加入,為自己和台灣軟體產品衝出一片新天地. 工作內容 - 開發AI 去背景/人臉偵測/人臉特徵點偵測演算法- 開發AI人臉相關的修圖/變形/優化演算法   - 開發AI照片品質提升演算法   - 導入實際手機APP程式- APP和Server的溝通協定 工作條件 - 資訊電腦相關科系 有做過相關電腦視覺研究- 符合下列工作準則 - 對新創 APP 軟體開發設計 有熱情 - 做事負責，細心，能與團隊溝通合作 - 如有以前的軟體作品 可以先附上. 如App 網站 程式 GitHub 面試機會更高 **技術人員準則： 好的軟體工程師在計畫的時間，開發出穩定的軟體，並降低未來維護的成本。 兼具Time-To-Market 和穩定性。 好的軟體工程師答應的Schedule，沒有合理的理由，決不延遲，有問題會提早提出討 論，像是Spec或是介面定義不清，在開發時，就可以儘早提出討論。 好的軟體工程師在Google上找到的英文解答/小程序/文件，可以迅速正確地理解，並正確用到專案中。對於不懂的語法/元件/框架可以嚴格地驗證，而不誤用。 好的軟體工程師遞交成果時，已經有自行測試過，遞交品質優良的軟體。 好的軟體工程師主動分享新的技術，用以推出更好的產品/介面/體驗。 **員工共同準則 好的員工注重團隊合作，盡力完成他人交辦的事務，以提升團隊效能。 好的員工注重溝通，多談話勝過文字交談，避免溝通有誤。 好的員工自我要求工作表現和效率，努力讓自己持續進步。 好的員工不僅是要做完工作，也要做好工作。 好的員工有Job Owner的概念，Owner如果是自己，就會全盤確認進度和問題，以做 好工作。 好的員工注重Schedule，並會訂好遞交時間，避免延誤團隊的工作時程。 好的員工會主動和上司討論好接下來一個月的工作內容，避免空窗。 好的員工因應公司商業模式或是營業項目的改變，會調整自己的心態和學習新的技 能。 我們是網路軟體公司，只是剛好做到客製化商品電商這個項目，未來還有可能變化。 工作時間&amp;地點 - 新竹市 關新公園附近 - 星期一~星期五 早上9:00~下午6:00 公司福利 - 可和一流人才相互交流 - 具競爭力的薪資 - 滿一年, 保障2個月年終獎金 應徵方式 - 請先寄 履歷自傳 &amp; 相關工作經驗 至 bruce@nuphoto.com.tw - 適任者會以電話通知面試  ",0,0,0,0,0,0,1,0,0,0,0,0,0,0,0,0,0,0,0,0,0,0,0,0,0,0,0,0,0,0,0,0,0,0
35,ASP.NET助理工程師 / ASP.NET工程師,風行天股份有限公司,【工作內容】/風行天是FINTECH與AI的領導公司，是一個年輕有活力的團隊，在業界享譽卓著。我們歡迎有熱情有能力的ASP.NET工程師加入我們。我們開發、設計平台與產品，提供企業在業務外勤上的管理工具提升效率，也提供獨特的匯兌風險管理平台，協助企業管理風險。所以您在這裡除了可以貢獻所學，還能借由互相學習提昇自我。具積極進取跟願意接受挑戰就是我們需要的人才！工作內容：1. 開發環境 : ASP .Net Core 22. 前端開發 : Angular6、Inoic3. 前後端介接 : GraphQL、WebAPI4. 資料庫 : Entity Framework、MS-SQL5. 與行動裝置應用技術結合,0,0,0,0,0,0,1,0,0,0,0,0,0,0,0,0,0,0,0,0,0,0,0,0,0,0,0,0,0,0,0,0,0,0
36,AI應用軟體工程師_10511,和碩集團_和碩聯合科技股份有限公司,【工作內容】/Responsibilities:* Understanding business objectives of customers and eliciting requirements* Formulating real world problems into corresponding solvable abstract representations* Evaluating edge design that are feasible to deal with a given problem* Developing and deploying intelligent edge product / machine learning into production* Integrating intelligent edge automation / machine vision systems* Tracking product performance in the field and driving continual performance improvements,0,1,0,0,0,0,0,0,0,0,0,0,0,0,0,0,0,0,0,0,0,0,0,0,0,0,0,0,0,0,0,0,0,0
37,AI 演算法開發工程師,華捷智能股份有限公司,【工作內容】/AI演算法工程師工作內容如下：1. 負責人工智慧學習演算法開發包含：• 規劃演算法架構• 演算法實作及驗證• 進行演算法精確度及效能分析2. 了解客戶需求、解決產品上挑戰性的問題疊代式調整演算法以達成客戶需求條件要求：至少熟悉Caffe、Pytorch、Tensorflow中其中一種架構。熟悉機器學習、具深度學習應用開發，具有應用深度學習於影像及視訊的處理經驗。具基礎數學知識如線性代數、機率、微積分、最佳化，能快速掌握新論文技術及實作能力加分項目：1. 在AI/CV等領域頂尖會議有相關發表2. 具有深度學習應用於視訊的經驗，如：物件追蹤 (Object tracking)3. 具有深度學習應用於人體姿態或行為分析，如：• 多人多角度姿態估測 (Multi-view multi-person pose estimation)• 時空動作檢測 (Spatio-temporal action localization)• 人物互動分析 (Human-object interaction detection)4. 具嵌入式平台運行推論經驗者尤佳,0,0,0,0,0,0,1,0,0,0,0,0,0,0,0,0,0,0,0,0,0,0,0,0,0,0,0,0,0,0,0,0,0,0
38,【茂林光電  轉職優質首選】電腦視覺AI工程師(新增),茂林光電科技股份有限公司,【工作內容】/1.電腦視覺技術應用與開發2.深度學習相關演算法開發及最佳化3.部署及維護深度學習開發環境4.部署及維護深度學習執行環境5.深度學習模型開發、訓練、導入及維護,0,1,0,0,1,0,0,0,0,0,0,0,0,0,0,0,0,0,0,0,0,0,0,0,0,0,0,0,0,0,0,0,0,0
39,R0002445: 【校園徵才】Cloud Engineer 雲端工程師 ,Trend Micro_趨勢科技股份有限公司,"【工作內容】/你是否見識過一秒鐘幾百萬上下的資料量，並了解如此海量資料是如何快速地、有效地，而且穩定地被評比及處理？你是否知道如何僅憑你一己之力，在彈指須臾之間，就能打造出一整座雲端資料中心？你是否嘗試過『一鍵式佈署』，就在你敲下按鍵的同時，你的解決方案就可以全自動地、快速地佈署到全世界所有的雲端資料中心？你是否了解高資訊流量的處理過程中，該如何確保軟體服務的高可用性（High Availability）與高擴展性（High scalability）？你是否清楚如何避免自己所建構的網站被攻破，並了解各種常見的駭客手法以及對應之道？如果你擁有下列這些特質：自認擁有百年難得一見的雲端開發資質；相信自己只要遇到名師就可以開啟無窮潛能；覺得自己天生反骨、討厭照本宣科，追求自由創造；相信自己是個潛能一旦開發，就連自己看了也會害怕的不世出奇才；覺得自己俠骨柔情，以天下蒼生為己念，誓要維護網路數位安全。那麼，請趕快加入趨勢科技的行列，放眼國際，徜徉雲端，一同學習雲端服務自動化部署及大數據資料後端平台開發，保護全球數千萬的網路使用者！職務內容：1. 全程參與專案從規畫、設計開發、測試、佈署到維運2. 自動化及優化開發及部署流程3. 熱情學習，每天為變身成為全方位雲端工程師注入養份資格：1. 熟悉至少一項程式語言: Java, Python, C++, Go, ...etc2. 具Linux platform操作基礎3. 應用過Public Cloud Service(AWS/GCP/Azure)的經驗大大加分特質：1. 天然神隊友，看到問題就想解2. 積極主動3. 活著就是為了接受挑戰4. 學得快",1,1,0,1,1,1,0,0,1,0,0,0,0,0,0,1,1,0,0,0,0,0,0,0,0,0,1,1,1,0,0,0,0,0
40,影像 整合處理/AI分析 應用工程師,杰悉科技股份有限公司,【工作內容】/我們是杰悉科技股份有限公司(NADI SYSTEM Corp)，致力於3D監控系統的開發及整合，目前欲發展AI影像辨識監控平台，希望有前端、後端、AI、IOT相關經歷的夥伴加入我們的行列。我們正在積極尋找具有熱情的軟體工程師，我們提供學習的時間及發揮的空間，讓您一展長才。我們在中國、新加坡、馬來西亞、泰國及美國等地都進行過專案，您將有機會參與海外專案的開發並且有出差的機會！NADI SYSTEM 是一個成長中的新創公司，來自於各個具有根基不同產業的核心人員組成，有屬於自己的文化及技術能量，因此，我們希望找到具有創新性、積極度、溝通力 三者兼具的人來做為伙伴，當然有能力也可以又自命不凡，不過我們重視的是團隊而非個人，所以也沒有單兵作戰及超級英雄人物的事在這裡發生。對於每一位被我們徵選的新伙伴，我們會提供1~3個月的機會希望來證明您的能力，而順利的進入第3個月正式成員；非常希望有實力的您加入，在互相給彼此機會與成長的狀態下，享受公司獲利所帶來的成果。公司福利基於法定勞基法之上，該有的都有且優於，若您覺得還不足，也歡迎靠自己實力與付出爭取。PS. NADI 整體團隊，因每一位伙伴的技能差異因此不同開發組別，並以利潤中心制度為基礎，沒有大鍋菜的均食概念，提供每一組team 資源與協助建立生存競爭力，享有因付出而獲得反饋的利潤。,0,0,0,0,0,0,1,0,0,0,0,0,0,0,0,0,0,0,0,0,0,0,0,0,0,0,0,0,0,0,0,0,0,0
41,軟體工程師,鈺立微電子股份有限公司,【工作內容】/Join Us!我們正在尋找＂喜歡寫程式、邏輯能力強＂，並且有豐富熱情的你！工作經驗不拘，只要帶著一股學習並且不怕挫敗的勇氣，我們有技術高超又溫柔的工程師手把手帶您一同闖關！ 若是無相關經驗，但仍對於影像、上層與底層軟體開發有興趣和潛力，快快按下應徵按鈕，加入我們學習與創造的旅程吧！Our Mission:在R＆D軟體的工程團隊，我們是負責設計、開發、優化產品，並滿足客戶要求。我們必須依客戶要求，提供必要支持。我們與業務、IC、模組單位等團隊合作，幫助進行模組或系統鑑定，並排除產品應用故障和系統恢復的時間成本，維護產品最好的品質！What We Do:1.設計、開發、優化、維護軟體專案（2D/3D影像、機器人電腦視覺、AI）。 2.設計並實施不同角色且多面向的單元驗證。 3.能與內部溝通，了解及整理軟體需求。 Team Culture:透過專案管理手法與敏捷開發的工作模式，讓團隊中的每位成員在工作中建立成就感與工作價值，並一同參與個人及團隊的成長。GitHub參考：https://github.com/eYs3D/libeys3d,0,0,0,0,0,0,1,0,0,0,0,0,0,0,0,0,0,0,0,0,0,0,0,0,0,0,0,0,0,0,0,0,0,0
42,Backend Engineer 後端工程師,英屬開曼群島商萬里雲互聯股份有限公司台灣分公司,"【工作內容】/CloudMile是一支年輕的創業團隊，也是亞洲領先的企業級人工智能，雲和安全技術解決方案提供商，為Google第一個獲得北亞基礎設施和機器學習專業知識的首要合作夥伴。本職缺徵求後端工程師，工作內容將與前端工程師、機器學習工程師和產品經理共同合作，建立乾淨、文件化且容易使用的API接口，並負責評估及優化已發布的服務性能、耐用性和安全性，打造受歡迎的專屬產品。我們相信，喜愛自己的工作是進步的最好方式，您傾注熱情在後端開發的專業上，我們提供您國際化的發展舞台。我們尊重每一位同仁的專業，也希望您樂於和同仁分享專業，重要的是：您可以對自己打造的產品感到驕傲！【工作內容】1. 依據專案與產品需求進行severless程式開發。2. 根據資料存取需求，撰寫 Restful API (Flask)。3. 為 AI 模型設計流程與架構規劃。【專業需求】1. 兩年以上的後端開發經驗，Python / Golang尤佳。2. 一年以上的雲端服務使用經驗，GCP尤佳。3. 熟悉 Git 版本控管，並具備 CI/CD 相關經驗。4. 熟悉RDBMS and NoSQL。5. 熟悉敏捷開發流程。【加分條件】1. 具備 Google Ads API 操作經驗。2. 具備撰寫 Airflow DAG 經驗。3. 具備一年以上 Kubernetes 實務開發經驗。4. 具備 Machine learning 基礎知識及 ML/AI 專案經驗5. 熟悉 Unit Test and 壓測6. 具備前端開發經驗，eg. HTML5, React",0,1,0,0,0,0,0,0,0,0,0,0,0,0,0,0,0,0,0,0,0,0,0,0,0,0,0,0,0,1,0,0,0,0
43,Web前端工程師,杰悉科技股份有限公司,【工作內容】/我們是杰悉科技股份有限公司(NADI SYSTEM Corp)，致力於3D監控系統的開發及整合，目前欲發展AI影像辨識監控平台，希望有前端、後端、AI、IOT相關經歷的夥伴加入我們的行列。我們正在積極尋找具有熱情的軟體工程師，我們提供學習的時間及發揮的空間，讓您一展長才。我們在中國、新加坡、馬來西亞、泰國及美國等地都進行過專案，您將有機會參與海外專案的開發並且有出差的機會！NADI SYSTEM 是一個成長中的新創公司，來自於各個具有根基不同產業的核心人員組成，有屬於自己的文化及技術能量，因此，我們希望找到具有創新性、積極度、溝通力 三者兼具的人來做為伙伴，當然有能力也可以又自命不凡，不過我們重視的是團隊而非個人，所以也沒有單兵作戰及超級英雄人物的事在這裡發生。對於每一位被我們徵選的新伙伴，我們會提供1~3個月的機會希望來證明您的能力，而順利的進入第3個月正式成員；非常希望有實力的您加入，在互相給彼此機會與成長的狀態下，享受公司獲利所帶來的成果。公司福利基於法定勞基法之上，該有的都有且優於，若您覺得還不足，也歡迎靠自己實力與付出爭取。PS. NADI 整體團隊，因每一位伙伴的技能差異因此不同開發組別，並以利潤中心制度為基礎，沒有大鍋菜的均食概念，提供每一組team 資源與協助建立生存競爭力，享有因付出而獲得反饋的利潤。,0,0,0,0,0,0,0,0,0,0,0,0,0,0,0,0,0,0,1,0,0,0,0,0,1,1,0,0,0,0,0,0,0,0
44,全端工程師,曠世智能股份有限公司,【工作內容】/###  應徵請來信信件標題： 【應徵微股力-職稱】你的大名五頁投影片(以及其他加分資料)，將它寄到 [hr@scantrader.com]1. 你為什麼想加入微股力？2. 你的專長能帶給微股力什麼？3. 對你而言人生最重要的核心價值是什麼？4. 你覺得微股力哪裡可以做得更好？5. 簡單履歷###  全端工程師職務介紹微股力（ScanTrader.com）致力打造金融版的社交平台，讓用戶能夠在網站上滿足其「交流、學習、找標的、策略訊號、下單、投後管理」等需求，透過搭建在社交基礎上的「一站式」投資平台，提供完整服務給用戶。在互動與使用者體驗豐富需求趨勢之下，後端系統的穩定與資訊的正確性，透過網頁前端技術打造完美互動，都是平台發展關鍵要素。### 能力要求- 熟悉 NodeJS（Express / KOA）、Bootstrap（或其他前端框架）整合- 熟悉制定 API 準則、XSS / CSRF 等基本資安防護- 熟悉 Git、Bitbucket、Pull-Request 及 CI / CD 工作流程- 熟悉 Linux 伺服器管理（Debian / CentOS）- 熟悉 GCP 或 AWS 雲平台操作- 開發經驗 1 年以上### 加分條件- 熟悉 Vue.js、Nuxt.js、Angular、React 前端框架- 熟悉 Unit Test（如 Mocha ）、壓力測試- 熟悉 Docker 等構建工具- 擁有產品開發、開源專案開發或大型服務開發經驗- 熟悉 Python 且對 AI 有經驗及興趣- 總是想著如何讓工作自動化- 樂於學習網頁新技術- 對投資理財有經驗及興趣### 我們重視的態度❖　善於獨立找出並解決問題❖　不怕被挑戰、勇於表達想法的態度❖　重視並信任團隊合作的力量、能和團隊有效溝通討論❖　面對團體工作時，需跟隨 Code Standard 的必要認知❖　功能發佈上線之前，自己先進行完整測試的責任感，並對程式碼品質要求簡潔好維護❖　彈性工作下的自律嚴謹### 作品集❖　請附上作品連結或雲端檔案❖　請說明每件作品所負責的項目,0,0,0,0,0,0,1,0,0,0,0,0,0,0,0,0,0,0,0,0,0,0,0,0,0,0,0,0,0,0,0,0,0,0
45,Linux Embedded 軟體工程師,富萱科技股份有限公司,【工作內容】/AI 嵌入式設備  應用軟體開發在 Jetson Nano/NX、AI ARM-based 等相關嵌入式硬體環境工作內容1. 與AI工程師合作，開發相關應用功能2. 影像、儲存、網路傳輸、事件告警、周邊IO驅動、系統功能開發3.  C++應用功能設計、SDK、API 開發4.  應用 Linux Ubuntu 相關系統工具5.  使用 QT 設計框架6.  網路傳輸資料至後端平台系統、Websocket、心跳同步薪資水準依經驗與專業技能評估無工作經驗者，需有C++、Linux 嵌入式程式設計相關專業培訓班結業證書資工、工程、應數等相關科系畢業,1,0,0,0,1,0,0,0,0,0,0,0,0,0,0,0,0,0,0,0,0,0,0,0,0,0,0,0,0,0,1,1,0,0
46,[遠端]電腦視覺/影像處理/AI人工智慧演算法工程師 Remote Computer Vision/Image Process Algorithm Developer,智見科技股份有限公司,"【工作內容】/智見科技股份有限公司 (http://nuphoto.com.tw) 目前為全台最大的照片沖洗APP公司，主要提供方便製作 [照片個人化商品] 之平台服務，於2012年底成立, 目前正在開發全球性的影像軟體服務, 歡迎對 APP 開發 有熱忱的您加入。 公司創辦人之前為廣達/聯發科 10幾年影像開發經驗技術經理, 對影像技術/電腦視覺/市場開發行銷有優良的經驗和成果, 期待對APP和Web開發有興趣的人才加入,為自己和台灣軟體產品衝出一片新天地. 工作內容 - 開發AI 去背景/人臉偵測/人臉特徵點偵測演算法- 開發AI人臉相關的修圖/變形/優化演算法   - 開發AI照片品質提升演算法   - 導入實際手機APP程式- APP和Server的溝通協定 工作條件 - 資訊電腦相關科系 有做過相關電腦視覺研究- 符合下列工作準則 - 對新創 APP 軟體開發設計 有熱情 - 做事負責，細心，能與團隊溝通合作 - 如有以前的軟體作品 可以先附上. 如App 網站 程式 GitHub 面試機會更高 **技術人員準則： 好的軟體工程師在計畫的時間，開發出穩定的軟體，並降低未來維護的成本。 兼具Time-To-Market 和穩定性。 好的軟體工程師答應的Schedule，沒有合理的理由，決不延遲，有問題會提早提出討 論，像是Spec或是介面定義不清，在開發時，就可以儘早提出討論。 好的軟體工程師在Google上找到的英文解答/小程序/文件，可以迅速正確地理解，並正確用到專案中。對於不懂的語法/元件/框架可以嚴格地驗證，而不誤用。 好的軟體工程師遞交成果時，已經有自行測試過，遞交品質優良的軟體。 好的軟體工程師主動分享新的技術，用以推出更好的產品/介面/體驗。 **員工共同準則 好的員工注重團隊合作，盡力完成他人交辦的事務，以提升團隊效能。 好的員工注重溝通，多談話勝過文字交談，避免溝通有誤。 好的員工自我要求工作表現和效率，努力讓自己持續進步。 好的員工不僅是要做完工作，也要做好工作。 好的員工有Job Owner的概念，Owner如果是自己，就會全盤確認進度和問題，以做 好工作。 好的員工注重Schedule，並會訂好遞交時間，避免延誤團隊的工作時程。 好的員工會主動和上司討論好接下來一個月的工作內容，避免空窗。 好的員工因應公司商業模式或是營業項目的改變，會調整自己的心態和學習新的技 能。 我們是網路軟體公司，只是剛好做到客製化商品電商這個項目，未來還有可能變化。 工作時間&amp;地點 - 在家工作 也可到新竹辦公室上班 (新竹市 關新公園附近) - 星期一~星期五 早上9:00~下午6:00 公司福利 - 可和一流人才相互交流 - 具競爭力的薪資 - 滿一年, 保障2個月年終獎金 應徵方式 - 請先寄 履歷自傳 &amp; 相關工作經驗 至 bruce@nuphoto.com.tw - 適任者會以電話通知面試  ",0,0,0,0,0,0,1,0,0,0,0,0,0,0,0,0,0,0,0,0,0,0,0,0,0,0,0,0,0,0,0,0,0,0
47,AI 軟體工程師,長春人造樹脂廠股份有限公司,【工作內容】/ 1. AI 技術與應用研究、設計、開發 2. 軟體工程與CI/CD 開發經驗 3. 系統整合與大數據分析 4. 歡迎資管、資工、統計、化工、數學等科系相關背景,0,1,0,0,1,0,0,0,0,0,0,0,0,0,0,0,0,0,0,0,0,0,0,0,0,0,0,0,0,0,0,0,1,0
48,資深PHP工程師,風行天股份有限公司,【工作內容】/風行天是FINTECH與AI的領導公司，是一個年輕有活力的團隊，在業界享譽卓著。我們歡迎有熱情有能力的資深PHP工程師加入我們。我們開發、設計平台與產品，提供企業在業務外勤上的管理工具提升效率，也提供獨特的匯兌風險管理平台，協助企業管理風險。所以您在這裡除了可以貢獻所學，還能借由互相學習提昇自我。具積極進取跟願意接受挑戰就是我們需要的人才！工作內容：1. 獨立處理主管所交辦的程式維護、調整、除錯或新功能開發 2. 新專案之需求進行分析、規劃、設計以及程式撰寫3. 參與新專案的開發過程的分析、討論、規劃與架構設計4. 能夠參考相關文件、規格或需求開發程式5. git版控的維護與上版的執行6. MySQL資料庫的操作與維護,0,0,0,0,0,0,0,0,0,0,0,0,0,0,0,0,1,1,1,0,0,0,0,0,1,0,0,0,0,0,0,0,0,1
49,AI工程師/資料工程師/資料科學家/機器學習工程師,域動行銷股份有限公司,"【工作內容】/【熱血團隊】域動Data Team是由一群對『數據分析』及『AI應用』具有研究及開發熱誠的成員所組成。在這裡你可以接觸到大量即時的使用者行為資料，並將資料科學模型應用於:『網路廣告投放優化』『網路用戶辨識』『消費者行為分析』我們更致力於尋找優化方案，改善產品體驗設計及為商業決策提供數據支持，提升效率和價值。我們鼓勵組員多方嘗試、思考、展現天馬行空的創意，且能清楚闡述想法，付諸實踐。 ٩(⚙ᴗ⚙)۶【環境氛圍】扁平化組織、歡樂上班氛圍，彼此隨時交流分享想法，不受任何侷限ㄟ(￣▽￣ㄟ)。總之，在Data Team不但可以接觸多元專案開發，藉此磨練專業知識的深度及廣度，幫助團隊的同時，也能突破自我，大幅成長。 ୧༼ ヘ ᗜ ヘ ༽୨歡迎您一起加入，成為未來數據應用趨勢的一份子！o(〃'▽'〃)o【Job Description】1. 使用資料科學技術剖析數據，協助產品成效優化及發展方向2. 負責資料收集、資料清理、模型建置等工作事項3. 協助處理網路使用者觀看的文本，進行關鍵字擷取、文本分類等NLP任務4. 廣告推薦系統建置及優化5. 數據視覺化報表產出【Qualifications】1. 熟悉 ML 相關知識2. 熟悉Python程式語言，包含Pandas, Numpy, Sklearn,Tensorflow, Pytorch等模組3. 熟悉Linux 系統操作4. 熟悉資料庫程式語言 SQL【Preferred Qualifications】1. 推薦系統處理專案經驗佳2. 自然語言處理專案經驗佳3. 曾參與ML相關研究、競賽或發表論文經驗佳4. 具有數位廣告相關經驗壓5. 統計學專長6. 具有分散式運算的相關知識，如 Spark、Hadoop、Hive7. 有使用過GCP, AWS 等雲端服務經驗佳",1,1,1,0,0,0,0,0,0,0,0,0,0,0,0,0,0,0,0,0,0,0,0,0,0,0,0,0,0,0,0,0,0,0
